country,year,population,carbon_intensity_elec,coal_consumption,coal_elec_per_capita,coal_electricity,electricity_demand,electricity_generation,energy_per_capita,gas_consumption,gas_elec_per_capita,gas_electricity,gas_energy_per_capita,greenhouse_gas_emissions,hydro_consumption,hydro_elec_per_capita,hydro_electricity,hydro_energy_per_capita,nuclear_consumption,nuclear_elec_per_capita,nuclear_electricity,nuclear_energy_per_capita,oil_consumption,oil_elec_per_capita,oil_electricity,oil_energy_per_capita,other_renewable_consumption,other_renewable_electricity,other_renewables_elec_per_capita,other_renewables_energy_per_capita,per_capita_electricity,renewables_consumption,renewables_elec_per_capita,renewables_electricity,renewables_energy_per_capita,solar_consumption,solar_elec_per_capita,solar_electricity,solar_energy_per_capita,wind_consumption,wind_elec_per_capita,wind_electricity,wind_energy_per_capita
Africa,1980,476386229,0.0,543.557,0.0,0.0,0.0,0.0,3550.119,186.914,0.0,0.0,392.358,0.0,142.857,101.413,48.312,299.877,0.0,0.0,0.0,0.0,817.239,0.0,0.0,1715.496,0.661,0.207,0.435,1.387,0.0,143.518,101.848,48.519,301.264,0.0,0.0,0.0,0.0,0.0,0.0,0.0,0.0
Africa,1981,490003902,0.0,635.799,0.0,0.0,0.0,0.0,3871.944,228.491,0.0,0.0,466.305,0.0,148.42,102.434,50.193,302.895,0.0,0.0,0.0,0.0,883.862,0.0,0.0,1803.785,0.696,0.218,0.445,1.42,0.0,149.116,102.879,50.411,304.315,0.0,0.0,0.0,0.0,0.0,0.0,0.0,0.0
Africa,1982,504034174,0.0,701.176,0.0,0.0,0.0,0.0,4012.326,246.734,0.0,0.0,489.517,0.0,148.459,99.609,50.206,294.542,0.0,0.0,0.0,0.0,925.227,0.0,0.0,1835.644,0.753,0.236,0.468,1.495,0.0,149.213,100.077,50.442,296.037,0.0,0.0,0.0,0.0,0.0,0.0,0.0,0.0
Africa,1983,518479760,0.0,713.246,0.0,0.0,0.0,0.0,4018.678,271.275,0.0,0.0,523.213,0.0,133.795,87.269,45.247,258.053,0.0,0.0,0.0,0.0,964.552,0.0,0.0,1860.347,0.734,0.23,0.444,1.416,0.0,134.53,87.713,45.477,259.469,0.0,0.0,0.0,0.0,0.0,0.0,0.0,0.0
Africa,1984,533345153,0.0,762.898,0.0,0.0,0.0,0.0,4027.398,259.903,0.0,0.0,487.307,0.0,131.556,83.417,44.49,246.663,11.137,7.359,3.925,20.882,981.752,0.0,0.0,1840.744,0.747,0.234,0.439,1.401,0.0,132.303,83.856,44.724,248.063,0.0,0.0,0.0,0.0,0.0,0.0,0.0,0.0
Africa,1985,548626141,0.0,787.166,254.298,139.514,0.0,258.986,4074.291,278.843,50.903,27.927,508.256,0.0,146.222,90.134,49.45,266.524,15.081,9.688,5.315,27.489,1007.092,62.512,34.296,1835.661,0.859,0.269,0.49,1.565,472.063,147.081,90.624,49.719,268.089,0.0,0.0,0.0,0.0,0.0,0.0,0.0,0.0
Africa,1986,564327303,0.0,805.356,251.766,142.078,0.0,270.11,4049.792,313.271,50.235,28.349,555.123,0.0,151.236,90.631,51.145,267.994,24.979,15.599,8.803,44.263,988.593,65.891,37.184,1751.808,1.973,0.659,1.168,3.496,478.64,153.209,91.798,51.804,271.49,0.0,0.0,0.0,0.0,0.0,0.0,0.0,0.0
Africa,1987,580424299,0.0,828.32,262.269,152.227,0.0,280.26,4063.069,323.384,54.415,31.584,557.152,0.0,145.059,84.518,49.056,249.92,17.499,10.625,6.167,30.149,1042.069,66.647,38.684,1795.357,1.973,0.658,1.134,3.399,482.853,147.033,85.652,49.714,253.319,0.0,0.0,0.0,0.0,0.0,0.0,0.0,0.0
Africa,1988,596849011,0.0,890.161,255.423,152.449,0.0,295.296,4230.562,358.445,56.982,34.009,600.562,0.0,158.475,89.794,53.593,265.52,29.774,17.581,10.493,49.885,1086.268,71.396,42.613,1820.005,1.884,0.626,1.049,3.156,494.758,160.359,90.843,54.219,268.676,0.0,0.0,0.0,0.0,0.0,0.0,0.0,0.0
Africa,1989,613512106,0.0,835.621,256.247,157.211,0.0,306.648,4125.062,371.471,60.209,36.939,605.483,0.0,166.408,91.728,56.276,271.239,31.494,18.091,11.099,51.333,1123.927,70.639,43.338,1831.955,1.855,0.617,1.006,3.024,499.824,168.263,92.734,56.893,274.262,0.0,0.0,0.0,0.0,0.0,0.0,0.0,0.0
Africa,1990,630349685,0.0,877.678,261.242,164.674,0.0,318.832,4147.583,398.645,67.655,42.646,632.419,0.0,169.301,90.83,57.255,268.583,23.974,13.404,8.449,38.033,1142.403,68.227,43.007,1812.332,2.425,0.796,1.263,3.848,505.802,171.727,92.093,58.051,272.431,0.0,0.0,0.0,0.0,0.0,0.0,0.0,0.0
Africa,1991,647344041,0.0,853.762,254.557,164.786,0.0,324.906,4034.766,401.636,70.459,45.611,620.436,0.0,179.346,93.693,60.651,277.049,25.946,14.125,9.144,40.081,1148.705,65.014,42.087,1774.49,2.487,0.812,1.254,3.841,501.906,181.833,94.947,61.463,280.89,0.0,0.0,0.0,0.0,0.0,0.0,0.0,0.0
Africa,1992,664512030,0.0,858.831,248.935,165.42,0.0,327.925,3988.89,421.27,76.063,50.545,633.954,0.0,171.092,87.072,57.86,257.471,26.355,13.977,9.288,39.66,1170.525,64.152,42.63,1761.48,2.592,0.842,1.267,3.901,493.483,173.684,88.339,58.703,261.371,0.0,0.0,0.0,0.0,0.0,0.0,0.0,0.0
Africa,1993,681869334,0.0,871.714,258.051,175.957,0.0,339.122,3894.49,412.644,80.856,55.133,605.166,0.0,167.61,83.128,56.683,245.809,20.586,10.64,7.255,30.191,1180.077,61.31,41.806,1730.649,2.897,0.938,1.375,4.248,497.342,170.512,84.506,57.622,250.066,0.0,0.0,0.0,0.0,0.006,0.003,0.002,0.009
Africa,1994,699445416,0.0,894.448,257.052,179.794,0.0,351.374,3929.65,431.828,88.787,62.102,617.386,0.0,170.311,82.345,57.596,243.494,27.515,13.864,9.697,39.339,1221.885,56.937,39.825,1746.933,2.573,0.835,1.194,3.679,502.361,172.9,83.547,58.436,247.196,0.0,0.0,0.0,0.0,0.016,0.008,0.005,0.023
Africa,1995,717270108,0.0,922.471,260.552,186.886,0.0,362.755,3990.73,461.243,92.453,66.314,643.054,0.0,176.736,83.328,59.769,246.401,32.067,15.756,11.301,44.707,1266.782,50.444,36.182,1766.115,3.114,1.019,1.42,4.341,505.744,179.868,84.757,60.794,250.768,0.0,0.0,0.0,0.0,0.019,0.009,0.006,0.026
Africa,1996,735361109,0.0,935.228,268.292,197.291,0.0,382.232,3991.195,484.192,95.18,69.992,658.441,0.0,184.269,84.743,62.316,250.583,33.412,16.013,11.775,45.436,1293.971,50.817,37.369,1759.641,3.877,1.258,1.711,5.272,519.789,188.167,86.463,63.582,255.884,0.0,0.0,0.0,0.0,0.021,0.01,0.007,0.029
Africa,1997,753737584,0.0,959.019,273.364,206.045,0.0,400.97,3973.243,474.476,100.625,75.844,629.497,0.0,188.811,84.714,63.852,250.5,35.886,16.779,12.647,47.611,1332.273,51.178,38.575,1767.556,4.297,1.387,1.84,5.7,531.975,193.129,86.564,65.246,256.228,0.0,0.0,0.0,0.0,0.021,0.01,0.007,0.028
Africa,1998,772437163,0.0,937.039,261.118,201.698,0.0,406.524,3936.782,499.337,100.112,77.33,646.444,0.0,197.098,86.292,66.655,255.164,38.593,17.608,13.601,49.963,1363.509,55.793,43.096,1765.203,5.319,1.713,2.217,6.886,526.287,202.439,88.519,68.375,262.079,0.0,0.0,0.0,0.0,0.022,0.01,0.008,0.029
Africa,1999,791504167,0.0,966.011,252.425,199.796,0.0,418.641,3961.266,504.02,108.768,86.09,636.787,0.0,209.013,89.304,70.684,264.07,36.425,16.218,12.837,46.02,1414.56,56.757,44.924,1787.18,5.271,1.696,2.143,6.66,528.919,214.343,91.472,72.4,270.804,0.0,0.0,0.0,0.0,0.059,0.025,0.02,0.074
Africa,2000,810984229,535.458,963.731,256.742,208.214,424.32,440.184,3955.724,556.822,113.249,91.843,686.601,235.7,222.531,92.796,75.256,274.396,36.916,16.042,13.01,45.52,1420.386,57.42,46.566,1751.435,7.089,2.269,2.798,8.742,542.777,230.174,95.825,77.712,283.821,0.035,0.015,0.012,0.044,0.519,0.216,0.176,0.64
Africa,2001,830902549,530.0,975.926,258.07,214.431,440.73,459.113,3995.127,634.636,121.529,100.978,763.791,243.33,237.576,97.327,80.869,285.926,30.218,12.9,10.719,36.367,1432.664,57.057,47.409,1724.226,7.275,2.335,2.811,8.756,552.547,246.117,100.656,83.635,296.204,0.044,0.018,0.015,0.053,1.221,0.5,0.416,1.469
Africa,2002,851298454,524.265,934.422,261.833,222.898,464.61,487.578,3964.461,670.605,136.209,115.955,787.744,255.62,248.178,99.879,85.026,291.529,33.586,14.086,11.991,39.452,1479.167,55.146,46.946,1737.542,7.148,2.286,2.686,8.396,572.746,256.67,103.105,87.773,301.504,0.049,0.02,0.017,0.058,1.295,0.521,0.444,1.521
Africa,2003,872248339,534.844,1017.048,269.436,235.015,487.34,509.045,4056.516,711.507,142.143,123.984,815.716,272.26,239.477,94.669,82.575,274.551,35.24,14.518,12.663,40.402,1524.815,55.667,48.555,1748.143,8.049,2.622,3.006,9.228,583.602,249.137,98.312,85.753,285.626,0.058,0.023,0.02,0.067,1.553,0.614,0.536,1.781
Africa,2004,893842767,529.276,1119.162,274.315,245.195,516.3,540.796,4239.049,783.068,157.906,141.143,876.069,286.23,251.336,97.578,87.219,281.186,36.958,14.952,13.365,41.347,1586.511,52.065,46.538,1774.933,9.088,2.979,3.333,10.167,605.023,262.709,101.798,90.991,293.909,0.071,0.027,0.025,0.079,2.214,0.86,0.768,2.477
Africa,2005,916154282,531.989,1039.073,271.583,248.812,536.72,560.444,4146.578,807.782,165.61,151.724,881.709,298.15,254.379,96.968,88.838,277.66,31.029,12.326,11.293,33.869,1654.919,57.41,52.596,1806.376,9.162,3.01,3.285,10.001,611.735,265.86,101.137,92.657,290.191,0.084,0.032,0.029,0.092,2.235,0.852,0.78,2.439
Africa,2006,939210062,531.055,1054.097,272.465,255.901,560.78,586.172,4125.497,843.442,175.185,164.536,898.033,311.29,261.918,98.007,92.049,278.87,27.375,10.675,10.026,29.147,1673.717,58.986,55.4,1782.047,11.553,3.77,4.014,12.301,624.112,276.004,102.97,96.71,293.869,0.108,0.04,0.038,0.115,2.426,0.908,0.853,2.583
Africa,2007,963021837,532.08,1071.633,272.549,262.47,588.11,610.716,4174.048,900.07,181.695,174.977,934.631,324.95,269.185,98.854,95.199,279.522,30.707,11.752,11.317,31.886,1734.741,61.049,58.792,1801.352,9.555,3.142,3.263,9.922,634.167,281.757,103.224,99.407,292.576,0.143,0.052,0.05,0.148,2.873,1.055,1.016,2.984
Africa,2008,987623525,525.315,1180.725,260.718,257.491,597.26,623.55,4316.121,935.162,185.859,183.559,946.881,327.56,272.483,98.182,96.967,275.898,35.066,13.167,13.004,35.505,1824.851,65.456,64.646,1847.719,9.915,3.267,3.308,10.039,631.364,286.289,102.892,101.619,289.877,0.204,0.074,0.073,0.207,3.686,1.328,1.312,3.732
Africa,2009,1013045727,517.038,1176.002,244.516,247.706,600.48,630.108,4275.178,940.861,187.535,189.981,928.744,325.79,278.046,98.279,99.561,274.465,34.318,12.641,12.806,33.877,1885.976,70.32,71.237,1861.689,10.701,3.563,3.517,10.563,621.994,293.453,103.459,104.809,289.674,0.268,0.095,0.096,0.264,4.438,1.569,1.589,4.381
Africa,2010,1039304018,511.802,1164.84,247.607,257.339,644.82,672.702,4296.274,980.732,208.538,216.735,943.643,344.29,298.926,103.626,107.698,287.621,36.028,13.015,13.527,34.666,1966.215,64.816,67.363,1891.857,11.243,3.765,3.622,10.818,647.262,317.109,109.654,113.964,305.117,0.6,0.208,0.216,0.577,6.341,2.198,2.285,6.101
Africa,2011,1066409692,504.172,1147.299,243.787,259.977,653.16,690.299,4221.594,1060.527,220.124,234.742,994.484,348.03,305.522,103.854,110.751,286.496,34.154,12.099,12.902,32.027,1934.171,55.953,59.669,1813.722,11.526,3.859,3.618,10.808,647.312,325.293,110.275,117.598,305.035,1.661,0.565,0.602,1.558,6.584,2.238,2.387,6.174
Africa,2012,1094343031,499.782,1118.487,233.526,255.558,682.38,722.535,4270.56,1146.77,236.881,259.229,1047.908,361.11,304.977,101.638,111.227,278.685,34.119,11.85,12.967,31.178,2046.83,66.134,72.373,1870.373,12.048,4.042,3.694,11.009,660.245,326.644,108.538,118.778,298.484,2.722,0.907,0.993,2.487,6.898,2.299,2.516,6.303
Africa,2013,1123045134,491.018,1130.161,223.852,251.395,701.18,745.472,4278.14,1169.745,236.516,265.618,1041.584,366.04,320.652,104.762,117.652,285.52,36.891,12.56,14.106,32.849,2121.441,75.068,84.305,1889.008,13.124,4.433,3.948,11.686,663.795,345.716,112.61,126.467,307.838,2.146,0.701,0.788,1.911,9.794,3.2,3.593,8.721
Africa,2014,1152433643,485.217,1183.806,218.655,251.985,726.48,770.088,4283.641,1202.32,237.626,273.848,1043.288,373.66,336.15,107.67,124.082,291.687,35.859,11.969,13.794,31.116,2143.333,78.135,90.046,1859.833,15.707,5.462,4.74,13.63,668.228,370.724,118.452,136.508,321.688,5.159,1.652,1.904,4.476,13.708,4.391,5.06,11.895
Africa,2015,1182438795,488.086,1119.038,212.433,251.189,748.18,790.455,4273.425,1325.36,241.681,285.773,1120.87,385.81,324.274,101.836,120.415,274.241,31.622,10.349,12.237,26.743,2199.145,82.657,97.737,1859.838,20.138,7.17,6.063,17.031,668.495,377.184,118.191,139.754,318.988,8.775,2.756,3.259,7.421,23.996,7.536,8.911,20.294
Africa,2016,1213040565,483.027,1186.288,204.722,248.336,754.45,800.12,4275.146,1370.495,249.042,302.099,1129.802,386.48,314.355,96.803,117.426,259.146,38.6,12.387,15.026,31.821,2210.926,74.011,89.778,1822.631,20.29,7.232,5.962,16.727,659.599,378.978,116.417,141.219,312.42,14.413,4.439,5.384,11.882,29.92,9.214,11.176,24.665
Africa,2017,1244222282,479.834,1185.067,203.288,252.936,784.31,826.639,4271.87,1448.745,261.255,325.059,1164.378,396.65,336.232,101.543,126.342,270.235,36.246,11.407,14.193,29.131,2233.09,61.248,76.206,1794.768,21.307,7.626,6.129,17.125,664.382,411.379,123.932,154.199,330.632,20.687,6.248,7.773,16.627,33.153,10.012,12.457,26.645
Africa,2018,1275921020,470.734,1163.6,203.063,259.092,794.71,849.736,4263.125,1543.551,261.737,333.956,1209.754,400.0,356.115,105.492,134.6,279.104,29.4,9.076,11.58,23.042,2257.502,56.644,72.273,1769.312,22.591,8.173,6.405,17.706,665.979,444.38,131.353,167.596,348.282,26.599,7.879,10.054,20.847,39.076,11.575,14.769,30.625
Africa,2019,1308064186,468.155,1231.317,195.46,255.674,806.96,867.64,4245.719,1549.73,259.363,339.264,1184.751,406.19,367.501,106.583,139.418,280.95,34.391,10.394,13.596,26.291,2262.036,56.382,73.751,1729.3,22.908,8.263,6.317,17.513,663.301,475.355,137.536,179.907,363.404,33.989,9.858,12.894,25.984,50.958,14.779,19.332,38.957
Africa,2020,1340598150,442.718,1157.901,178.872,239.796,768.23,855.082,3913.185,1535.972,251.412,337.043,1145.737,378.56,384.418,109.185,146.373,286.751,35.155,10.405,13.949,26.223,2011.053,49.743,66.686,1500.116,22.349,8.066,6.017,16.671,637.836,504.89,143.071,191.801,376.615,42.175,11.979,16.059,31.46,55.948,15.891,21.303,41.733
Africa,2021,1373486458,287.102,1168.741,180.128,247.404,437.1,897.487,4043.778,1643.815,258.877,355.564,1196.819,257.67,401.447,111.7,153.419,292.283,26.175,7.59,10.424,19.057,2183.542,55.472,76.19,1589.781,22.189,8.026,5.844,16.156,653.437,530.74,147.345,202.376,386.418,43.215,12.024,16.515,31.464,63.889,17.777,24.416,46.516
Asia,1980,-2147483648,0.0,5541.419,0.0,0.0,0.0,0.0,5472.987,932.266,0.0,0.0,351.946,0.0,773.687,98.776,261.647,292.079,274.657,36.542,96.795,103.688,6965.993,0.0,0.0,2629.775,9.333,3.272,1.235,3.524,0.0,783.02,100.011,264.919,295.603,0.0,0.0,0.0,0.0,0.0,0.0,0.0,0.0
Asia,1981,-2147483648,0.0,5723.564,0.0,0.0,0.0,0.0,5448.904,957.291,0.0,0.0,354.482,0.0,825.041,103.318,279.014,305.51,295.156,38.518,104.019,109.295,6899.109,0.0,0.0,2554.719,14.799,5.159,1.91,5.48,0.0,839.84,105.228,284.173,310.99,0.0,0.0,0.0,0.0,0.0,0.0,0.0,0.0
Asia,1982,-2147483648,0.0,5951.464,0.0,0.0,0.0,0.0,5466.885,1022.452,0.0,0.0,371.376,0.0,817.209,100.382,276.365,296.827,345.188,44.186,121.651,125.379,6872.519,0.0,0.0,2496.242,42.3,13.787,5.008,15.364,0.0,859.509,105.389,290.152,312.192,0.0,0.0,0.0,0.0,0.0,0.0,0.0,0.0
Asia,1983,-2147483648,0.0,6326.967,0.0,0.0,0.0,0.0,5651.524,1100.34,0.0,0.0,391.986,0.0,854.658,102.964,289.03,304.464,412.886,51.836,145.51,147.087,7120.474,0.0,0.0,2536.602,49.018,15.97,5.689,17.462,0.0,903.676,108.653,305.0,321.926,0.0,0.0,0.0,0.0,0.0,0.0,0.0,0.0
Asia,1984,-2147483648,0.0,6892.806,0.0,0.0,0.0,0.0,5983.48,1353.001,0.0,0.0,472.615,0.0,856.65,101.196,289.704,299.235,496.61,61.134,175.016,173.47,7476.664,0.0,0.0,2611.662,53.771,17.504,6.114,18.783,0.0,910.421,107.31,307.208,318.018,0.0,0.0,0.0,0.0,0.0,0.0,0.0,0.0
Asia,1985,-2147483648,0.0,7993.004,224.219,654.826,0.0,2007.992,6859.619,2157.772,118.314,345.533,738.844,0.0,1014.914,117.524,343.225,347.517,610.675,73.692,215.215,209.102,8199.693,158.754,463.636,2807.663,57.247,18.651,6.386,19.602,687.558,1072.161,123.91,361.876,367.119,0.0,0.0,0.0,0.0,0.0,0.0,0.0,0.0
Asia,1986,-2147483648,0.0,8322.275,243.077,724.456,0.0,2121.995,7001.584,2427.474,124.135,369.966,814.492,0.0,1022.638,116.039,345.838,343.127,649.568,76.81,228.921,217.95,8385.08,156.554,466.585,2813.453,60.148,19.51,6.546,20.181,711.995,1082.786,122.585,365.347,363.308,0.0,0.0,0.0,0.0,0.0,0.0,0.0,0.0
Asia,1987,-2147483648,0.0,8908.044,264.401,804.33,0.0,2301.849,7251.033,2586.567,130.726,397.68,850.262,0.0,1059.524,117.785,358.312,348.289,768.979,89.085,271.004,252.78,8673.915,159.107,484.016,2851.308,61.211,19.839,6.522,20.121,756.669,1120.735,124.307,378.151,368.41,0.0,0.0,0.0,0.0,0.0,0.0,0.0,0.0
Asia,1988,-2147483648,0.0,9504.192,277.144,860.388,0.0,2466.983,7600.317,2777.181,136.408,423.477,894.571,0.0,1217.433,132.619,411.714,392.153,725.645,82.375,255.733,233.741,9304.535,170.346,528.836,2997.128,66.075,21.396,6.892,21.284,794.651,1283.508,139.511,433.11,413.437,0.0,0.0,0.0,0.0,0.0,0.0,0.0,0.0
Asia,1989,-2147483648,0.0,9890.94,295.734,936.28,0.0,2642.648,7809.833,3012.63,147.784,467.878,951.571,0.0,1245.5,133.042,421.205,393.404,757.546,84.327,266.975,239.279,9747.575,177.267,561.22,3078.874,71.387,23.113,7.301,22.548,834.708,1316.887,140.343,444.319,415.952,0.0,0.0,0.0,0.0,0.0,0.0,0.0,0.0
Asia,1990,-2147483648,0.0,10067.662,305.719,986.046,0.0,2838.577,7968.797,3132.374,157.285,507.295,971.179,0.0,1313.26,137.698,444.121,407.17,814.76,89.026,287.138,252.613,10316.576,195.082,629.204,3198.609,57.274,18.881,5.854,17.758,880.088,1370.645,143.563,463.039,424.962,0.012,0.001,0.004,0.004,0.099,0.01,0.033,0.031
Asia,1991,-2147483648,0.0,10460.021,331.144,1086.87,0.0,2989.21,8137.042,3316.262,161.005,528.444,1010.389,0.0,1327.733,136.805,449.015,404.53,870.172,93.434,306.667,265.122,10674.097,191.888,629.809,3252.154,58.428,19.273,5.872,17.802,910.744,1386.536,142.715,468.415,422.446,0.012,0.001,0.004,0.004,0.364,0.037,0.123,0.111
Asia,1992,-2147483648,0.0,10791.163,357.812,1193.916,0.0,3158.493,8363.897,3529.38,166.479,555.492,1057.742,0.0,1337.372,135.545,452.275,400.806,893.335,94.353,314.83,267.729,11296.724,195.958,653.856,3385.586,59.237,19.529,5.853,17.753,946.589,1397.308,141.469,472.04,418.768,0.046,0.005,0.015,0.014,0.653,0.066,0.221,0.196
Asia,1993,-2147483648,0.0,11286.324,371.552,1259.348,0.0,3318.063,8576.963,3513.726,169.992,576.174,1036.673,0.0,1486.406,148.307,502.676,438.542,989.941,102.931,348.876,292.067,11734.914,186.88,633.417,3462.212,58.673,19.343,5.707,17.311,978.945,1546.08,154.114,522.357,456.148,0.084,0.008,0.029,0.025,0.916,0.091,0.31,0.27
Asia,1994,-2147483648,0.0,11824.197,406.798,1399.823,0.0,3576.582,8884.637,3796.997,179.495,617.656,1103.433,0.0,1475.04,144.964,498.832,428.657,1056.8,108.233,372.439,307.113,12348.588,198.526,683.142,3588.584,69.269,22.939,6.666,20.13,1039.379,1546.125,151.809,522.385,449.314,0.106,0.01,0.036,0.031,1.709,0.168,0.578,0.497
Asia,1995,-2147483648,0.0,12006.162,430.736,1504.228,0.0,3808.012,9137.389,4033.958,189.263,660.951,1155.123,0.0,1592.345,154.2,538.502,455.968,1165.042,117.571,410.585,333.609,13025.047,193.147,674.514,3729.72,83.88,27.571,7.895,24.019,1090.424,1679.667,162.428,567.237,480.973,0.146,0.014,0.05,0.042,3.296,0.319,1.115,0.944
Asia,1996,-2147483648,0.0,12509.934,461.426,1634.823,0.0,3997.316,9402.093,4316.743,199.511,706.862,1218.394,0.0,1581.76,150.981,534.923,446.449,1230.607,122.409,433.692,347.337,13584.345,188.369,667.387,3834.16,84.913,28.014,7.907,23.967,1128.236,1669.776,159.184,563.986,471.292,0.215,0.02,0.073,0.061,2.889,0.276,0.977,0.815
Asia,1997,-2147483648,0.0,12527.631,478.705,1720.054,0.0,4181.853,9539.545,4538.377,221.811,796.998,1263.067,0.0,1575.561,148.29,532.826,438.491,1309.116,128.4,461.36,364.338,14226.38,181.103,650.728,3959.315,95.984,31.614,8.798,26.713,1163.843,1675.425,157.453,565.753,466.284,0.344,0.032,0.116,0.096,3.536,0.333,1.196,0.984
Asia,1998,-2147483648,0.0,12504.702,488.114,1778.079,0.0,4313.289,9425.762,4738.892,229.75,836.924,1300.909,0.0,1670.136,155.05,564.81,458.482,1362.207,131.788,480.071,373.95,13953.072,172.008,626.584,3830.363,101.919,33.697,9.25,27.979,1184.074,1776.861,164.747,600.132,487.779,0.495,0.046,0.167,0.136,4.311,0.4,1.458,1.184
Asia,1999,-2147483648,0.0,12813.229,519.64,1918.412,0.0,4519.554,9603.266,5115.055,244.572,902.915,1385.514,0.0,1626.857,149.025,550.173,440.667,1385.105,132.222,488.14,375.183,14394.848,172.005,635.011,3899.13,111.61,36.98,10.017,30.232,1224.211,1745.196,159.658,589.429,472.721,0.726,0.067,0.246,0.197,6.002,0.55,2.03,1.626
Asia,2000,-2147483648,530.46,13317.104,560.783,2097.508,4627.09,4800.755,9851.11,5395.233,256.272,958.541,1442.452,2546.61,1675.665,151.506,566.679,448.0,1424.558,134.225,502.044,380.865,14903.107,172.485,645.149,3984.447,122.464,40.589,10.852,32.741,1283.514,1806.303,163.096,610.033,482.927,1.129,0.102,0.382,0.302,7.045,0.637,2.383,1.884
Asia,2001,-2147483648,530.606,13945.782,591.226,2239.755,4836.79,5018.81,10061.096,5743.811,271.735,1029.421,1516.188,2663.01,1796.938,161.46,611.664,474.336,1433.763,134.252,508.591,378.469,15058.351,158.176,599.222,3974.936,125.023,41.516,10.959,33.002,1324.81,1932.992,173.41,656.934,510.25,1.629,0.146,0.554,0.43,9.402,0.845,3.201,2.482
Asia,2002,-2147483648,539.172,15021.725,637.168,2444.115,5156.64,5349.629,10431.826,6074.999,287.191,1101.635,1583.721,2884.37,1849.283,165.168,633.569,482.099,1460.871,135.971,521.572,380.841,15456.154,160.469,615.543,4029.339,128.964,42.871,11.176,33.62,1394.62,1990.626,177.45,680.681,518.946,2.25,0.201,0.771,0.587,10.129,0.905,3.47,2.641
Asia,2003,-2147483648,553.004,17196.309,710.065,2757.281,5534.91,5733.647,11111.036,6503.45,309.245,1200.841,1674.791,3170.73,1909.299,169.541,658.351,491.689,1291.364,119.498,464.027,332.556,16080.263,159.372,618.864,4141.045,134.705,44.737,11.521,34.69,1476.549,2060.383,182.516,708.735,530.597,3.055,0.271,1.053,0.787,13.324,1.183,4.594,3.431
Asia,2004,-2147483648,548.229,19349.207,767.155,3015.025,6040.35,6248.489,12032.492,6988.338,325.77,1280.322,1778.141,3425.6,2234.633,197.314,775.469,568.589,1472.236,135.469,532.411,374.602,17059.164,155.693,611.894,4340.604,142.287,47.317,12.039,36.204,1589.891,2404.411,211.78,832.326,611.788,4.008,0.354,1.391,1.02,23.483,2.074,8.149,5.975
Asia,2005,-2147483648,552.925,21995.963,840.795,3343.809,6481.4,6713.737,12773.231,7521.409,342.562,1362.356,1891.246,3712.19,2300.812,202.044,803.521,578.536,1527.342,139.77,555.858,384.048,17239.045,153.739,611.413,4334.731,160.231,52.971,13.32,40.29,1688.159,2495.459,218.386,868.511,627.479,5.064,0.445,1.768,1.273,29.352,2.578,10.251,7.381
Asia,2006,-2147483648,558.502,23728.766,922.172,3710.483,7025.13,7251.935,13350.991,7977.54,360.027,1448.615,1982.67,4050.22,2516.389,219.794,884.37,625.402,1557.874,141.802,570.558,387.181,17689.324,146.992,591.443,4396.355,172.513,56.996,14.165,42.875,1802.334,2740.837,238.495,959.617,681.184,6.242,0.545,2.194,1.551,45.691,3.991,16.058,11.356
Asia,2007,-2147483648,571.362,25784.418,1020.221,4152.452,7651.5,7874.103,14013.57,8605.575,384.691,1565.75,2114.313,4498.96,2625.081,228.092,928.371,644.959,1485.078,134.471,547.318,364.871,18248.25,152.387,620.238,4483.433,192.029,63.239,15.537,47.18,1934.597,2884.864,249.517,1015.571,708.785,7.44,0.646,2.631,1.828,60.314,5.241,21.33,14.819
Asia,2008,-2147483648,560.272,26500.443,1040.002,4281.158,7902.71,8192.229,14315.428,9200.066,399.365,1643.981,2234.93,4589.88,2960.182,255.903,1053.424,719.103,1432.829,129.081,531.362,348.07,18480.465,148.381,610.809,4489.374,216.182,71.152,17.285,52.516,1990.1,3277.0,281.888,1160.389,796.067,8.967,0.775,3.191,2.178,91.668,7.925,32.621,22.269
Asia,2009,-2147483648,567.191,27379.115,1086.273,4521.737,8208.38,8460.314,14476.305,9460.393,407.908,1697.962,2272.704,4798.61,2858.0,245.85,1023.378,686.588,1489.733,133.545,555.897,357.884,18629.805,133.23,554.587,4475.505,243.814,80.087,19.24,58.572,2032.452,3254.852,278.254,1158.264,781.925,11.515,0.99,4.123,2.766,141.524,12.174,50.676,33.999
Asia,2010,-2147483648,566.763,28691.027,1167.779,4914.577,9049.51,9268.191,15258.771,10398.672,445.63,1875.427,2470.885,5252.87,3271.558,280.076,1178.694,777.373,1559.269,139.108,585.435,370.506,19729.688,129.99,547.061,4688.078,281.113,91.84,21.823,66.797,2202.265,3785.328,321.816,1354.357,899.452,16.258,1.392,5.858,3.863,216.399,18.526,77.965,51.42
Asia,2011,-2147483648,586.075,30863.795,1280.262,5446.318,9763.479,9925.748,15890.109,11160.103,455.964,1939.7,2623.397,5817.23,3292.089,280.524,1193.368,773.869,1285.972,114.194,485.787,302.293,20295.572,150.695,641.067,4770.866,309.987,100.992,23.74,72.868,2333.239,3934.378,332.58,1414.818,924.851,28.538,2.432,10.345,6.708,303.764,25.884,110.113,71.406
Asia,2012,-2147483648,580.174,31625.379,1319.448,5672.737,10162.85,10412.329,16287.796,11738.724,478.76,2058.348,2730.363,6040.96,3703.806,314.189,1350.8,861.485,912.158,80.635,346.676,212.163,21202.184,166.343,715.163,4931.512,337.133,109.716,25.519,78.415,2421.851,4478.707,376.843,1620.172,1041.723,42.704,3.623,15.574,9.933,395.064,33.513,144.082,91.89
Asia,2013,-2147483648,582.572,32274.051,1404.055,6099.479,10763.96,10988.954,16540.15,12044.906,476.506,2070.032,2772.649,6401.86,3975.963,335.815,1458.845,915.237,917.22,80.732,350.713,211.137,21588.268,155.035,673.5,4969.46,375.564,121.82,28.042,86.452,2529.576,4935.386,413.171,1794.893,1136.09,79.676,6.73,29.234,18.341,504.184,42.584,184.993,116.059
Asia,2014,-2147483648,573.814,32904.27,1449.4,6360.762,11354.5,11599.565,16851.756,12535.039,507.931,2229.081,2856.307,6655.99,4315.175,362.955,1592.846,983.281,982.412,86.111,377.903,223.858,21946.365,142.647,626.012,5000.827,433.972,140.662,32.052,98.887,2643.145,5481.636,456.618,2003.888,1249.078,160.748,13.521,59.336,36.629,571.741,48.09,211.045,130.28
Asia,2015,-2147483648,562.843,32640.432,1417.161,6281.3,11529.939,11764.871,17016.457,12983.826,514.944,2282.395,2929.356,6621.78,4468.981,374.409,1659.498,1008.273,1100.937,96.119,426.032,248.389,22738.824,139.162,616.808,5130.237,504.914,163.373,36.859,113.917,2654.34,5869.114,486.269,2155.298,1324.165,246.385,20.642,91.492,55.588,648.833,54.359,240.936,146.387
Asia,2016,-2147483648,556.713,32643.135,1450.37,6491.039,12071.1,12314.938,17247.453,13336.904,528.189,2363.878,2980.022,6855.89,4614.27,385.135,1723.647,1031.021,1224.212,106.483,476.556,273.54,23536.893,128.192,573.716,5259.126,513.316,166.462,37.195,114.696,2751.672,6333.513,522.984,2340.581,1415.172,370.183,30.898,138.281,82.714,835.745,69.756,312.19,186.74
Asia,2017,-2147483648,550.724,33240.148,1520.508,6869.44,12717.03,13030.948,17629.619,13976.306,549.233,2481.358,3093.568,7176.45,4707.219,391.507,1768.773,1041.913,1284.937,111.37,503.154,284.413,24108.035,117.984,533.037,5336.162,601.738,194.789,43.115,133.191,2884.319,6928.849,569.351,2572.249,1533.657,579.546,48.202,217.769,128.279,1040.345,86.527,390.917,230.274
Asia,2018,-2147483648,546.699,34077.934,1615.465,7365.675,13496.109,13842.322,18105.396,14723.518,561.742,2561.25,3229.211,7567.58,4788.034,396.915,1809.723,1050.128,1428.219,123.38,562.55,313.242,24619.209,101.108,460.999,5399.567,720.907,232.832,51.065,158.112,3035.945,7562.706,618.231,2818.812,1658.678,821.727,68.119,310.587,180.224,1232.037,102.132,465.671,270.215
Asia,2019,-2147483648,538.068,34519.422,1627.848,7488.383,13973.181,14276.007,18390.951,15092.289,555.004,2553.114,3280.809,7681.46,5099.429,420.539,1934.553,1108.53,1658.125,142.5,655.523,360.448,24867.576,87.381,401.966,5405.792,808.283,260.66,56.663,175.707,3103.363,8295.56,674.123,3101.083,1803.315,1032.668,85.162,391.76,224.485,1355.18,111.759,514.11,294.593
Asia,2020,-2147483648,526.031,34101.305,1604.344,7443.911,14075.98,14465.832,18001.008,15312.179,553.927,2570.136,3300.147,7609.48,5202.053,426.902,1980.762,1121.169,1677.673,143.474,665.697,361.579,23417.275,85.32,395.871,5046.993,886.141,285.713,61.578,190.985,3117.739,8836.628,714.028,3312.983,1904.508,1228.24,100.795,467.671,264.716,1520.194,124.754,578.837,327.639
Asia,2021,-2147483648,476.871,36037.969,1715.033,8023.688,13771.73,15611.27,18909.414,16249.496,571.861,2675.419,3473.269,7444.56,5071.185,414.246,1938.025,1083.947,1833.94,156.115,730.376,391.998,24457.223,92.229,431.489,5227.639,1047.484,336.357,71.895,223.896,3336.85,9691.129,777.961,3639.648,2071.442,1516.78,123.9,579.659,324.206,2055.68,167.921,785.607,439.394
Central America,1980,0,0.0,0.179,0.0,0.0,0.0,0.0,0.0,0.0,0.0,0.0,0.0,0.0,16.431,0.0,5.556,0.0,0.0,0.0,0.0,0.0,72.591,0.0,0.0,0.0,2.003,0.682,0.0,0.0,0.0,18.433,0.0,6.239,0.0,0.0,0.0,0.0,0.0,0.0,0.0,0.0,0.0
Central America,1981,0,0.0,0.176,0.0,0.0,0.0,0.0,0.0,0.0,0.0,0.0,0.0,0.0,17.062,0.0,5.77,0.0,0.0,0.0,0.0,0.0,70.205,0.0,0.0,0.0,3.258,1.109,0.0,0.0,0.0,20.32,0.0,6.879,0.0,0.0,0.0,0.0,0.0,0.0,0.0,0.0,0.0
Central America,1982,0,0.0,0.04,0.0,0.0,0.0,0.0,0.0,0.0,0.0,0.0,0.0,0.0,16.507,0.0,5.582,0.0,0.0,0.0,0.0,0.0,70.169,0.0,0.0,0.0,3.508,1.198,0.0,0.0,0.0,20.015,0.0,6.78,0.0,0.0,0.0,0.0,0.0,0.0,0.0,0.0,0.0
Central America,1983,0,0.0,0.032,0.0,0.0,0.0,0.0,0.0,0.0,0.0,0.0,0.0,0.0,18.321,0.0,6.196,0.0,0.0,0.0,0.0,0.0,69.118,0.0,0.0,0.0,3.014,1.026,0.0,0.0,0.0,21.334,0.0,7.222,0.0,0.0,0.0,0.0,0.0,0.0,0.0,0.0,0.0
Central America,1984,0,0.0,0.009,0.0,0.0,0.0,0.0,0.0,0.0,0.0,0.0,0.0,0.0,20.609,0.0,6.97,0.0,0.0,0.0,0.0,0.0,70.426,0.0,0.0,0.0,3.611,1.237,0.0,0.0,0.0,24.22,0.0,8.207,0.0,0.0,0.0,0.0,0.0,0.0,0.0,0.0,0.0
Central America,1985,0,0.0,0.263,0.0,0.0,0.0,11.155,0.0,0.0,0.0,0.0,0.0,0.0,23.595,0.0,7.979,0.0,0.0,0.0,0.0,0.0,71.686,0.0,0.0,0.0,2.735,0.937,0.0,0.0,0.0,26.329,0.0,8.916,0.0,0.0,0.0,0.0,0.0,0.0,0.0,0.0,0.0
Central America,1986,0,0.0,0.272,0.0,0.0,0.0,11.576,0.0,0.0,0.0,0.0,0.0,0.0,27.57,0.0,9.324,0.0,0.0,0.0,0.0,0.0,71.597,0.0,0.0,0.0,2.523,0.861,0.0,0.0,0.0,30.093,0.0,10.184,0.0,0.0,0.0,0.0,0.0,0.0,0.0,0.0,0.0
Central America,1987,0,0.0,0.293,0.0,0.0,0.0,12.647,0.0,0.0,0.0,0.0,0.0,0.0,28.635,0.0,9.684,0.0,0.0,0.0,0.0,0.0,76.951,0.0,0.0,0.0,2.669,0.911,0.0,0.0,0.0,31.305,0.0,10.594,0.0,0.0,0.0,0.0,0.0,0.0,0.0,0.0,0.0
Central America,1988,0,0.0,0.151,0.0,0.0,0.0,12.987,0.0,0.0,0.0,0.0,0.0,0.0,30.499,0.0,10.314,0.0,0.0,0.0,0.0,0.0,74.607,0.0,0.0,0.0,2.602,0.884,0.0,0.0,0.0,33.101,0.0,11.198,0.0,0.0,0.0,0.0,0.0,0.0,0.0,0.0,0.0
Central America,1989,0,0.0,0.395,0.0,0.0,0.0,13.886,0.0,0.0,0.0,0.0,0.0,0.0,32.924,0.0,11.134,0.0,0.0,0.0,0.0,0.0,77.983,0.0,0.0,0.0,3.449,1.172,0.0,0.0,0.0,36.373,0.0,12.306,0.0,0.0,0.0,0.0,0.0,0.0,0.0,0.0,0.0
Central America,1990,0,0.0,0.28,0.0,0.0,0.0,14.494,0.0,0.0,0.0,0.0,0.0,0.0,34.427,0.0,11.643,0.0,0.0,0.0,0.0,0.0,80.507,0.0,0.0,0.0,3.611,1.221,0.0,0.0,0.0,38.038,0.0,12.863,0.0,0.0,0.0,0.0,0.0,0.0,0.0,0.0,0.0
Central America,1991,0,0.0,0.394,0.0,0.0,0.0,15.272,0.0,0.0,0.0,0.0,0.0,0.0,33.495,0.0,11.327,0.0,0.0,0.0,0.0,0.0,87.796,0.0,0.0,0.0,3.949,1.335,0.0,0.0,0.0,37.443,0.0,12.662,0.0,0.0,0.0,0.0,0.0,0.0,0.0,0.0,0.0
Central America,1992,0,0.0,0.363,0.0,0.0,0.0,17.281,0.0,0.0,0.0,0.0,0.0,0.0,31.896,0.0,10.787,0.0,0.0,0.0,0.0,0.0,99.842,0.0,0.0,0.0,5.344,1.822,0.0,0.0,0.0,37.241,0.0,12.608,0.0,0.0,0.0,0.0,0.0,0.0,0.0,0.0,0.0
Central America,1993,0,0.0,0.468,0.0,0.0,0.0,18.229,0.0,0.0,0.0,0.0,0.0,0.0,35.554,0.0,12.024,0.0,0.0,0.0,0.0,0.0,106.56,0.0,0.0,0.0,5.052,1.722,0.0,0.0,0.0,40.606,0.0,13.746,0.0,0.0,0.0,0.0,0.0,0.0,0.0,0.0,0.0
Central America,1994,0,0.0,0.474,0.0,0.0,0.0,18.772,0.0,0.0,0.0,0.0,0.0,0.0,34.347,0.0,11.616,0.0,0.0,0.0,0.0,0.0,116.629,0.0,0.0,0.0,4.967,1.693,0.0,0.0,0.0,39.314,0.0,13.309,0.0,0.0,0.0,0.0,0.0,0.0,0.0,0.0,0.0
Central America,1995,0,0.0,0.371,0.0,0.0,0.0,19.819,0.0,0.0,0.0,0.0,0.0,0.0,33.894,0.0,11.462,0.0,0.0,0.0,0.0,0.0,129.197,0.0,0.0,0.0,5.156,1.751,0.0,0.0,0.0,39.05,0.0,13.213,0.0,0.0,0.0,0.0,0.0,0.0,0.0,0.0,0.0
Central America,1996,0,0.0,0.93,0.0,0.0,0.0,20.11,0.0,0.0,0.0,0.0,0.0,0.0,39.109,0.0,13.226,0.0,0.0,0.0,0.0,0.0,126.179,0.0,0.0,0.0,5.121,1.739,0.0,0.0,0.0,44.296,0.0,14.988,0.0,0.0,0.0,0.0,0.0,0.067,0.0,0.023,0.0
Central America,1997,0,0.0,0.501,0.0,0.0,0.0,21.097,0.0,0.0,0.0,0.0,0.0,0.0,37.748,0.0,12.766,0.0,0.0,0.0,0.0,0.0,136.793,0.0,0.0,0.0,5.468,1.851,0.0,0.0,0.0,43.44,0.0,14.692,0.0,0.0,0.0,0.0,0.0,0.224,0.0,0.076,0.0
Central America,1998,0,0.0,0.519,0.0,0.0,0.0,23.225,0.0,0.0,0.0,0.0,0.0,0.0,37.995,0.0,12.849,0.0,0.0,0.0,0.0,0.0,156.822,0.0,0.0,0.0,4.729,1.614,0.0,0.0,0.0,42.914,0.0,14.528,0.0,0.0,0.0,0.0,0.0,0.19,0.0,0.064,0.0
Central America,1999,0,0.0,1.028,0.0,0.0,0.0,24.747,0.0,0.0,0.0,0.0,0.0,0.0,44.341,0.0,14.995,0.0,0.0,0.0,0.0,0.0,154.678,0.0,0.0,0.0,7.097,2.414,0.0,0.0,0.0,51.733,0.0,17.509,0.0,0.0,0.0,0.0,0.0,0.295,0.0,0.1,0.0
Central America,2000,0,0.0,3.03,0.0,0.0,0.0,26.618,0.0,0.0,0.0,0.0,0.0,0.0,45.436,0.0,15.365,0.0,0.0,0.0,0.0,0.0,159.43,0.0,0.0,0.0,8.216,2.806,0.0,0.0,0.0,54.169,0.0,18.346,0.0,0.0,0.0,0.0,0.0,0.517,0.0,0.175,0.0
Central America,2001,0,0.0,3.216,0.0,0.0,0.0,28.499,0.0,0.0,0.0,0.0,0.0,0.0,40.282,0.0,13.712,0.0,0.0,0.0,0.0,0.0,170.779,0.0,0.0,0.0,8.869,3.053,0.0,0.0,0.0,49.678,0.0,16.944,0.0,0.0,0.0,0.0,0.0,0.527,0.0,0.179,0.0
Central America,2002,0,0.0,3.926,0.0,0.0,0.0,30.117,0.0,0.0,0.0,0.0,0.0,0.0,42.211,0.0,14.462,0.0,0.0,0.0,0.0,0.0,170.353,0.0,0.0,0.0,9.66,3.326,0.0,0.0,0.0,52.613,0.0,18.042,0.0,0.0,0.0,0.0,0.0,0.742,0.0,0.254,0.0
Central America,2003,0,0.0,4.101,0.0,0.0,0.0,32.148,0.0,0.0,0.0,0.0,0.0,0.0,43.768,0.0,15.092,0.0,0.0,0.0,0.0,0.0,177.984,0.0,0.0,0.0,10.241,3.546,0.0,0.0,0.0,54.677,0.0,18.868,0.0,0.0,0.0,0.0,0.0,0.668,0.0,0.23,0.0
Central America,2004,0,0.0,4.347,0.0,0.0,0.0,33.974,0.0,0.0,0.0,0.0,0.0,0.0,46.209,0.0,16.036,0.0,0.0,0.0,0.0,0.0,181.875,0.0,0.0,0.0,10.737,3.72,0.0,0.0,0.0,57.682,0.0,20.011,0.0,0.0,0.0,0.0,0.0,0.736,0.0,0.255,0.0
Central America,2005,0,0.0,3.573,0.0,0.0,0.0,35.82,0.0,0.0,0.0,0.0,0.0,0.0,49.153,0.0,17.166,0.0,0.0,0.0,0.0,0.0,180.306,0.0,0.0,0.0,11.663,4.018,0.0,0.0,0.0,61.397,0.0,21.387,0.0,0.002,0.0,0.001,0.0,0.579,0.0,0.202,0.0
Central America,2006,0,0.0,3.819,0.0,0.0,0.0,37.95,0.0,0.0,0.0,0.0,0.0,0.0,51.176,0.0,17.985,0.0,0.0,0.0,0.0,0.0,190.832,0.0,0.0,0.0,12.509,4.326,0.0,0.0,0.0,64.462,0.0,22.584,0.0,0.002,0.0,0.001,0.0,0.774,0.0,0.272,0.0
Central America,2007,0,0.0,4.151,0.0,0.0,0.0,39.967,0.0,0.0,0.0,0.0,0.0,0.0,50.703,0.0,17.931,0.0,0.0,0.0,0.0,0.0,201.863,0.0,0.0,0.0,13.804,4.787,0.0,0.0,0.0,65.189,0.0,22.96,0.0,0.002,0.0,0.001,0.0,0.68,0.0,0.24,0.0
Central America,2008,0,0.0,4.345,0.0,0.0,0.0,40.883,0.0,0.0,0.0,0.0,0.0,0.0,56.38,0.0,20.064,0.0,0.0,0.0,0.0,0.0,202.571,0.0,0.0,0.0,14.195,4.951,0.0,0.0,0.0,71.134,0.0,25.213,0.0,0.002,0.0,0.001,0.0,0.557,0.0,0.198,0.0
Central America,2009,0,0.0,3.379,0.0,0.0,0.0,41.612,0.0,0.0,0.0,0.0,0.0,0.0,52.632,0.0,18.846,0.0,0.0,0.0,0.0,0.0,200.557,0.0,0.0,0.0,15.345,5.332,0.0,0.0,0.0,69.156,0.0,24.601,0.0,0.002,0.0,0.001,0.0,1.177,0.0,0.421,0.0
Central America,2010,0,0.0,4.302,0.0,0.0,0.0,42.975,0.0,0.0,0.0,0.0,0.0,0.0,59.108,0.0,21.296,0.0,0.0,0.0,0.0,0.0,202.772,0.0,0.0,0.0,17.037,5.878,0.0,0.0,0.0,77.596,0.0,27.696,0.0,0.003,0.0,0.001,0.0,1.448,0.0,0.522,0.0
Central America,2011,0,0.0,6.452,0.0,0.0,0.0,44.371,0.0,0.0,0.0,0.0,0.0,0.0,57.865,0.0,20.976,0.0,0.0,0.0,0.0,0.0,214.979,0.0,0.0,0.0,17.151,5.942,0.0,0.0,0.0,77.066,0.0,27.661,0.0,0.003,0.0,0.001,0.0,2.046,0.0,0.742,0.0
Central America,2012,0,0.0,8.423,0.0,0.0,0.0,46.117,0.0,0.0,0.0,0.0,0.0,0.0,61.518,0.0,22.436,0.0,0.0,0.0,0.0,0.0,217.112,0.0,0.0,0.0,19.211,6.669,0.0,0.0,0.0,83.83,0.0,30.237,0.0,0.006,0.0,0.002,0.0,3.096,0.0,1.129,0.0
Central America,2013,0,0.0,10.958,0.0,0.0,0.0,47.545,0.0,0.0,0.0,0.0,0.0,0.0,59.637,0.0,21.882,0.0,0.0,0.0,0.0,0.0,216.867,0.0,0.0,0.0,20.786,7.228,0.0,0.0,0.0,84.107,0.0,30.462,0.0,0.008,0.0,0.003,0.0,3.677,0.0,1.349,0.0
Central America,2014,0,0.0,11.693,0.0,0.0,0.0,48.85,0.0,0.0,0.0,0.0,0.0,0.0,58.351,0.0,21.539,0.0,0.0,0.0,0.0,0.0,224.264,0.0,0.0,0.0,22.122,7.673,0.0,0.0,0.0,86.181,0.0,31.319,0.0,0.035,0.0,0.013,0.0,5.673,0.0,2.094,0.0
Central America,2015,0,0.0,14.803,0.0,0.0,0.0,51.66,0.0,0.0,0.0,0.0,0.0,0.0,60.567,0.0,22.491,0.0,0.0,0.0,0.0,0.0,243.652,0.0,0.0,0.0,22.66,7.831,0.0,0.0,0.0,93.274,0.0,34.052,0.0,1.603,0.0,0.595,0.0,8.443,0.0,3.135,0.0
Central America,2016,0,0.0,16.214,0.0,0.0,0.0,53.346,0.0,0.0,0.0,0.0,0.0,0.0,61.267,0.0,22.886,0.0,0.0,0.0,0.0,0.0,252.41,0.0,0.0,0.0,24.971,8.586,0.0,0.0,0.0,98.222,0.0,35.949,0.0,3.151,0.0,1.177,0.0,8.833,0.0,3.299,0.0
Central America,2017,0,0.0,11.502,0.0,0.0,0.0,53.74,0.0,0.0,0.0,0.0,0.0,0.0,72.466,0.0,27.229,0.0,0.0,0.0,0.0,0.0,256.525,0.0,0.0,0.0,23.962,8.263,0.0,0.0,0.0,108.856,0.0,40.163,0.0,3.887,0.0,1.46,0.0,8.542,0.0,3.21,0.0
Central America,2018,0,0.0,14.453,0.0,0.0,0.0,56.428,0.0,1.818,0.0,0.0,0.0,0.0,71.299,0.0,26.949,0.0,0.0,0.0,0.0,0.0,241.973,0.0,0.0,0.0,26.088,8.963,0.0,0.0,0.0,113.883,0.0,42.147,0.0,4.761,0.0,1.799,0.0,11.735,0.0,4.436,0.0
Central America,2019,0,0.0,19.67,0.0,0.0,0.0,57.836,0.0,4.793,0.0,0.0,0.0,0.0,56.895,0.0,21.584,0.0,0.0,0.0,0.0,0.0,260.082,0.0,0.0,0.0,29.286,10.072,0.0,0.0,0.0,103.631,0.0,38.276,0.0,5.851,0.0,2.22,0.0,11.599,0.0,4.4,0.0
Central America,2020,0,0.0,18.205,0.0,0.0,0.0,55.151,0.0,3.555,0.0,0.0,0.0,0.0,70.732,0.0,26.932,0.0,0.0,0.0,0.0,0.0,218.007,0.0,0.0,0.0,27.87,9.698,0.0,0.0,0.0,115.141,0.0,42.928,0.0,6.789,0.0,2.585,0.0,9.75,0.0,3.713,0.0
Central America,2021,0,0.0,24.154,0.0,0.0,0.0,59.25,0.0,2.805,0.0,0.0,0.0,0.0,78.164,0.0,29.871,0.0,0.0,0.0,0.0,0.0,246.111,0.0,0.0,0.0,28.989,10.043,0.0,0.0,0.0,125.702,0.0,47.004,0.0,7.913,0.0,3.024,0.0,10.637,0.0,4.065,0.0
Europe,1980,694253882,0.0,9730.223,0.0,0.0,0.0,0.0,47930.555,6579.616,0.0,0.0,9477.248,0.0,1884.656,918.045,637.356,2714.65,880.836,447.135,310.425,1268.751,14167.721,0.0,0.0,20407.117,32.889,10.605,15.275,47.374,0.0,1917.576,933.336,647.972,2762.068,0.0,0.0,0.0,0.0,0.031,0.015,0.01,0.045
Europe,1981,697202605,0.0,9603.93,0.0,0.0,0.0,0.0,47400.711,6774.275,0.0,0.0,9716.365,0.0,1905.967,924.499,644.563,2733.734,1154.369,583.509,406.824,1655.715,13576.338,0.0,0.0,19472.586,32.988,10.644,15.266,47.314,0.0,1938.985,939.78,655.217,2781.093,0.0,0.0,0.0,0.0,0.031,0.015,0.01,0.045
Europe,1982,700021736,0.0,9685.924,0.0,0.0,0.0,0.0,47135.887,7038.406,0.0,0.0,10054.553,0.0,1853.5,895.429,626.82,2647.775,1284.438,646.641,452.663,1834.855,13103.451,0.0,0.0,18718.635,30.372,9.836,14.051,43.387,0.0,1883.926,909.507,636.675,2691.24,0.0,0.0,0.0,0.0,0.055,0.026,0.019,0.078
Europe,1983,702764495,0.0,9767.687,0.0,0.0,0.0,0.0,47616.727,7458.569,0.0,0.0,10613.184,0.0,1919.515,923.702,649.145,2731.378,1495.808,750.115,527.154,2128.463,12790.341,0.0,0.0,18200.039,31.335,10.137,14.424,44.588,0.0,1950.939,938.169,659.312,2776.092,0.0,0.0,0.0,0.0,0.089,0.043,0.03,0.127
Europe,1984,705505200,0.0,9707.405,0.0,0.0,0.0,0.0,48896.578,8014.574,0.0,0.0,11360.049,0.0,1995.244,956.414,674.755,2828.107,1907.537,952.872,672.256,2703.789,12839.501,0.0,0.0,18199.018,32.412,10.488,14.867,45.941,0.0,2027.772,971.336,685.283,2874.212,0.003,0.001,0.001,0.004,0.113,0.054,0.038,0.16
Europe,1985,708287873,0.0,9429.62,1782.673,1262.646,0.0,3843.849,47166.18,7673.371,951.735,674.102,10833.689,0.0,1924.1,918.688,650.696,2716.551,2255.367,1122.198,794.839,3184.252,12087.632,533.522,377.887,17065.986,36.97,11.899,16.799,52.196,5426.959,1961.243,935.57,662.653,2768.991,0.003,0.001,0.001,0.004,0.17,0.081,0.057,0.24
Europe,1986,711134449,0.0,9419.215,1827.718,1299.753,0.0,3943.788,47806.625,7815.64,981.13,697.716,10990.383,0.0,1888.249,897.962,638.572,2655.263,2395.032,1186.92,844.06,3367.904,12438.036,530.22,377.057,17490.414,40.365,12.975,18.246,56.761,5545.77,1929.012,916.397,651.681,2712.584,0.003,0.001,0.001,0.004,0.395,0.188,0.134,0.556
Europe,1987,714002674,0.0,9503.838,1854.183,1323.892,0.0,4084.354,48683.227,8216.188,1015.862,725.328,11507.223,0.0,1991.342,943.184,673.436,2788.984,2535.69,1251.579,893.631,3551.374,12472.559,536.084,382.766,17468.504,39.773,12.817,17.951,55.705,5720.362,2031.68,961.402,686.444,2845.479,0.0,0.0,0.0,0.0,0.564,0.267,0.191,0.79
Europe,1988,716793136,0.0,9326.825,1830.804,1312.308,0.0,4185.081,49057.355,8473.379,1017.984,729.684,11821.233,0.0,2068.305,975.823,699.463,2885.497,2783.721,1368.654,981.042,3883.577,12468.502,516.726,370.385,17394.84,42.264,13.61,18.987,58.963,5838.617,2111.546,995.271,713.403,2945.824,0.003,0.001,0.001,0.004,0.975,0.46,0.33,1.36
Europe,1989,719368318,0.0,9140.237,1867.252,1343.242,0.0,4254.992,48783.707,8641.229,1050.153,755.447,12012.246,0.0,1879.499,883.57,635.612,2612.707,2903.24,1422.307,1023.163,4035.819,12485.896,559.113,402.208,17356.75,41.801,13.475,18.731,58.108,5914.9,1922.851,903.03,649.611,2672.971,0.027,0.013,0.009,0.037,1.524,0.716,0.515,2.119
Europe,1990,721627214,0.0,8624.07,1877.897,1355.142,0.0,4275.858,48696.152,9065.899,1048.421,756.569,12563.134,0.0,1910.733,895.442,646.175,2647.812,2873.655,1403.407,1012.737,3982.188,12604.494,562.125,405.645,17466.768,59.199,18.938,26.243,82.035,5925.3,1972.274,922.782,665.905,2733.092,0.037,0.017,0.013,0.051,2.305,1.08,0.779,3.194
Europe,1991,723558980,0.0,8048.179,1855.155,1342.314,0.0,4276.554,47934.574,9232.272,1026.273,742.569,12759.53,0.0,1947.238,910.113,658.52,2691.194,2944.714,1434.271,1037.779,4069.764,12446.938,550.822,398.552,17202.381,61.123,19.535,26.998,84.476,5910.443,2011.305,938.487,679.051,2779.739,0.046,0.021,0.016,0.063,2.898,1.354,0.98,4.005
Europe,1992,725190640,0.0,7558.159,1776.787,1288.509,0.0,4168.87,46066.867,8846.303,957.516,694.381,12198.589,0.0,1998.036,931.754,675.7,2755.188,2961.93,1439.41,1043.847,4084.347,11973.354,503.335,365.014,16510.629,64.63,20.66,28.489,89.122,5748.654,2067.28,962.395,697.92,2850.671,0.074,0.035,0.025,0.102,4.539,2.117,1.535,6.259
Europe,1993,726475533,0.0,7005.543,1674.757,1216.67,0.0,4090.643,44379.379,8842.118,944.053,685.831,12171.254,0.0,2042.759,950.925,690.824,2811.875,3064.164,1486.459,1079.876,4217.849,11207.051,438.003,318.198,15426.604,71.486,22.833,31.43,98.401,5630.807,2121.096,985.545,715.974,2919.708,0.096,0.045,0.032,0.132,6.756,3.145,2.285,9.3
Europe,1994,727366456,0.0,6476.772,1683.991,1224.878,0.0,4021.573,42529.082,8438.882,886.859,645.072,11601.968,0.0,2077.45,965.89,702.556,2856.125,2979.244,1443.493,1049.948,4095.933,10876.21,412.294,299.889,14952.861,75.222,23.98,32.968,103.418,5528.95,2161.584,1003.001,729.55,2971.795,0.103,0.048,0.035,0.141,8.81,4.096,2.979,12.112
Europe,1995,727849823,0.0,6357.189,1684.44,1226.019,0.0,4078.124,42406.312,8537.651,902.15,656.629,11729.963,0.0,2086.523,969.464,705.624,2866.695,3054.509,1478.977,1076.473,4196.62,10733.018,426.448,310.39,14746.198,82.571,26.288,36.118,113.446,5602.974,2180.65,1010.951,735.82,2996.016,0.133,0.062,0.045,0.182,11.423,5.307,3.863,15.694
Europe,1996,727893727,0.0,6163.899,1681.432,1223.903,0.0,4130.209,42717.703,9068.158,978.454,712.21,12458.08,0.0,1957.338,909.386,661.936,2689.043,3238.193,1567.822,1141.208,4448.717,10565.2,397.278,289.176,14514.757,83.184,26.523,36.438,114.28,5674.193,2054.941,952.523,693.336,2823.134,0.141,0.066,0.048,0.194,14.278,6.634,4.829,19.616
Europe,1997,727560605,0.0,5895.841,1614.325,1174.519,0.0,4146.51,42043.723,8655.78,1031.667,750.6,11896.988,0.0,2026.477,941.939,685.318,2785.304,3265.974,1581.996,1150.998,4488.937,10620.099,372.89,271.3,14596.857,98.586,31.368,43.114,135.503,5699.196,2146.805,995.158,724.038,2950.689,0.168,0.078,0.057,0.231,21.573,10.027,7.295,29.651
Europe,1998,727050552,0.0,5670.36,1625.478,1181.805,0.0,4206.285,42303.062,8868.485,1057.47,768.834,12197.894,0.0,2100.054,976.824,710.2,2888.457,3227.998,1564.698,1137.615,4439.854,10740.863,381.146,277.112,14773.2,110.956,35.309,48.565,152.612,5785.409,2244.241,1040.845,756.747,3086.775,0.198,0.092,0.067,0.273,33.032,15.365,11.171,45.434
Europe,1999,726631500,0.0,5434.796,1572.339,1142.511,0.0,4266.3,42269.758,9048.178,1163.056,845.113,12452.224,0.0,2140.903,996.398,724.014,2946.339,3298.121,1599.61,1162.327,4538.918,10628.097,341.792,248.357,14626.529,117.062,37.299,51.331,161.103,5871.339,2300.262,1067.415,775.617,3165.651,0.237,0.11,0.08,0.326,42.06,19.575,14.224,57.883
Europe,2000,726503746,370.926,5580.736,1666.436,1210.672,4297.01,4398.557,42772.676,9259.315,1213.188,881.385,12745.035,1631.54,2220.466,1033.61,750.921,3056.373,3346.95,1623.578,1179.536,4606.927,10464.439,298.393,216.784,14403.834,128.176,40.838,56.211,176.429,6054.418,2415.129,1120.77,814.244,3324.318,0.22,0.103,0.074,0.303,66.267,30.847,22.41,91.213
Europe,2001,726734609,366.881,5552.182,1676.925,1218.679,4377.26,4479.032,43381.324,9413.887,1244.902,904.713,12953.679,1643.27,2238.357,1048.414,761.919,3080.019,3436.303,1677.285,1218.941,4728.416,10656.619,286.528,208.23,14663.701,140.655,44.781,61.62,193.544,6163.229,2458.509,1147.27,833.76,3382.953,0.571,0.267,0.194,0.785,78.927,36.968,26.866,108.604
Europe,2002,727291433,373.112,5544.816,1689.142,1228.499,4418.53,4506.988,43081.539,9468.498,1299.629,945.209,13018.85,1681.61,2021.292,952.163,692.5,2779.206,3464.951,1700.947,1237.084,4764.186,10553.809,303.342,220.618,14511.113,160.15,50.947,70.05,220.2,6196.949,2288.601,1072.692,780.16,3146.745,0.919,0.433,0.315,1.263,106.24,50.046,36.398,146.076
Europe,2003,728130211,379.169,5715.427,1773.781,1291.544,4513.24,4613.46,43771.41,9779.315,1392.322,1013.791,13430.724,1749.28,1886.636,893.434,650.536,2591.069,3493.021,1723.801,1255.152,4797.248,10666.916,275.466,200.575,14649.737,183.132,58.287,80.05,251.51,6336.037,2201.205,1035.727,754.144,3023.092,1.359,0.644,0.469,1.867,130.077,61.599,44.852,178.646
Europe,2004,729162672,368.738,5570.408,1714.259,1249.974,4606.95,4709.793,44263.918,10045.516,1481.531,1080.277,13776.782,1736.68,2018.394,960.594,700.429,2768.098,3504.55,1738.113,1267.367,4806.267,10724.002,244.76,178.47,14707.283,217.883,69.246,94.967,298.813,6459.18,2410.64,1138.544,830.184,3306.039,2.164,1.03,0.751,2.968,172.199,81.953,59.757,236.16
Europe,2005,730317952,366.57,5399.341,1694.603,1237.599,4665.06,4783.018,44336.742,10212.317,1567.986,1145.128,13983.386,1753.31,2018.164,965.074,704.811,2763.405,3461.14,1724.784,1259.641,4739.223,10793.979,235.106,171.702,14779.835,249.987,79.351,108.653,342.299,6549.227,2477.476,1173.824,857.265,3392.325,4.331,2.071,1.512,5.93,204.993,98.027,71.591,280.691
Europe,2006,731594771,371.885,5594.431,1762.719,1289.596,4751.82,4863.359,44888.895,10348.0,1593.718,1165.956,14144.442,1808.61,1966.195,944.522,691.007,2687.547,3452.658,1728.425,1264.507,4719.359,10895.523,223.67,163.636,14892.84,282.921,89.888,122.866,386.718,6647.614,2494.455,1185.244,867.118,3409.613,7.31,3.512,2.569,9.992,238.029,114.344,83.654,325.356
Europe,2007,733004676,372.054,5584.816,1761.687,1291.325,4806.13,4923.634,44448.332,10317.612,1710.27,1253.635,14075.779,1831.86,1994.021,962.059,705.194,2720.338,3299.11,1658.748,1215.87,4500.803,10682.385,184.556,135.28,14573.42,314.466,99.984,136.403,429.01,6717.057,2619.642,1248.586,915.219,3573.841,10.965,5.29,3.878,14.959,300.191,144.834,106.164,409.534
Europe,2008,734500462,364.845,5385.916,1681.267,1234.892,4848.32,4965.128,44233.508,10332.942,1779.685,1307.179,14067.986,1811.5,2036.118,986.497,724.582,2772.113,3284.852,1658.517,1218.182,4472.226,10634.059,173.832,127.679,14477.946,347.218,110.36,150.251,472.727,6759.871,2745.592,1312.26,963.856,3738.04,21.326,10.332,7.589,29.034,340.929,165.18,121.325,464.165
Europe,2009,736023886,352.192,4794.521,1512.246,1113.049,4612.28,4723.587,41548.082,9584.75,1658.407,1220.628,13022.336,1663.61,2033.179,989.14,728.03,2762.382,3130.832,1587.279,1168.275,4253.709,10115.405,162.456,119.571,13743.312,379.674,120.633,163.899,515.845,6417.708,2828.938,1355.463,997.653,3843.542,40.005,19.462,14.325,54.353,376.08,182.962,134.665,510.961
Europe,2010,737528005,348.197,4956.086,1528.243,1127.122,4814.17,4927.122,43022.027,10317.745,1773.375,1307.914,13989.632,1715.61,2122.023,1036.616,764.533,2877.21,3202.68,1630.396,1202.463,4342.453,10068.5,135.055,99.607,13651.685,430.299,136.547,185.142,583.434,6680.589,3035.348,1457.718,1075.108,4115.57,65.212,31.856,23.495,88.42,417.814,204.104,150.532,566.506
Europe,2011,738977888,352.763,5147.806,1571.34,1161.186,4769.22,4876.933,42415.719,9934.397,1689.402,1248.43,13443.43,1720.4,1877.0,920.737,680.404,2539.994,3168.974,1619.95,1197.107,4288.32,9965.851,141.076,104.252,13485.993,459.483,145.836,197.348,621.782,6599.566,2968.344,1428.035,1055.286,4016.824,129.943,63.742,47.104,175.842,501.918,246.209,181.943,679.205
Europe,2012,740362610,348.491,5267.597,1639.882,1214.108,4795.12,4912.804,42187.383,9704.395,1527.787,1131.116,13107.624,1712.07,2005.157,987.749,731.292,2708.344,3093.972,1588.277,1175.901,4178.995,9708.624,143.305,106.097,13113.337,511.166,162.139,218.999,690.427,6635.673,3287.95,1586.855,1174.848,4440.999,198.061,97.566,72.234,267.519,573.566,282.541,209.183,774.71
Europe,2013,741688147,336.204,5085.505,1595.525,1183.382,4756.37,4871.838,41645.754,9545.573,1428.068,1059.181,12870.063,1637.93,2135.65,1056.515,783.604,2879.444,3031.115,1562.643,1158.994,4086.779,9501.008,100.365,74.44,12809.977,544.481,172.667,232.802,734.11,6568.581,3571.671,1730.366,1283.392,4815.597,235.886,116.694,86.551,318.04,655.655,324.355,240.57,884.003
Europe,2014,742972983,322.978,4729.881,1474.646,1095.622,4669.48,4784.51,40318.922,8946.785,1360.515,1010.826,12041.871,1545.29,2104.774,1045.702,776.928,2832.908,3050.571,1579.411,1173.459,4105.898,9421.044,98.107,72.891,12680.197,578.32,183.39,246.833,778.386,6439.682,3641.796,1768.84,1314.2,4901.653,264.089,131.206,97.482,355.449,694.613,345.1,256.4,934.91
Europe,2015,744222364,320.845,4620.25,1441.179,1072.557,4703.47,4821.423,40129.895,8898.146,1400.701,1042.433,11956.301,1546.93,1984.917,990.393,737.073,2667.102,3007.291,1563.697,1163.738,4040.85,9452.684,102.103,75.988,12701.424,614.666,194.833,261.795,825.918,6478.471,3719.458,1810.961,1347.757,4997.778,291.878,145.635,108.385,392.192,827.997,413.137,307.466,1112.567
Europe,2016,745441389,316.787,4403.33,1342.732,1000.928,4751.56,4870.5,40613.094,9313.682,1541.2,1148.874,12494.184,1542.91,2057.831,1031.197,768.697,2760.554,2925.396,1527.666,1138.785,3924.381,9657.933,100.369,74.819,12955.992,623.155,197.578,265.049,835.954,6533.713,3803.752,1858.874,1385.682,5102.685,299.439,150.052,111.855,401.694,823.327,412.576,307.552,1104.483
Europe,2017,746596844,313.301,4148.798,1291.554,964.271,4777.0,4888.647,40730.0,9565.499,1598.821,1193.675,12812.135,1531.62,1894.137,953.307,711.736,2537.028,2909.419,1525.947,1139.267,3896.907,9771.101,90.377,67.475,13087.52,639.678,202.827,271.668,856.792,6547.907,3830.008,1877.342,1401.617,5129.955,320.689,161.401,120.501,429.534,975.505,490.966,366.553,1306.602
Europe,2018,747608696,301.946,4134.545,1225.042,915.852,4788.14,4906.469,41259.828,9739.818,1556.841,1163.908,13027.963,1481.49,2056.394,1039.649,777.251,2750.628,2895.888,1525.717,1140.639,3873.534,9806.186,86.015,64.305,13116.735,657.036,208.481,278.864,878.85,6562.883,4070.22,2004.465,1498.555,5444.318,341.592,172.698,129.111,456.913,1015.199,513.253,383.713,1357.928
Europe,2019,748381407,285.814,3578.728,1019.52,762.99,4744.06,4848.08,40577.695,9746.0,1649.229,1234.252,13022.771,1385.65,1936.217,981.5,734.536,2587.206,2880.987,1521.911,1138.969,3849.624,9810.035,82.545,61.775,13108.336,677.899,215.07,287.381,905.82,6478.087,4144.164,2044.486,1530.056,5537.502,375.249,190.22,142.357,501.414,1154.799,585.386,438.092,1543.062
Europe,2020,748843389,264.537,3085.281,854.278,639.721,4583.81,4696.355,37985.273,9369.796,1548.162,1159.331,12512.357,1242.36,2081.754,1058.512,792.66,2779.96,2644.863,1401.462,1049.475,3531.931,8636.171,75.736,56.715,11532.68,691.561,219.372,292.947,923.505,6271.479,4496.056,2227.424,1667.992,6004.0,437.891,222.655,166.734,584.756,1284.85,653.309,489.226,1715.779
Europe,2021,748962983,269.897,3253.386,978.08,732.546,4731.49,4897.383,40040.559,10073.819,1583.213,1185.768,13450.356,1321.79,2116.456,1079.938,808.834,2825.849,2789.52,1483.306,1110.941,3724.51,9087.6,74.873,56.077,12133.576,725.605,229.994,307.083,968.813,6538.885,4568.993,2268.201,1698.798,6100.425,484.91,247.429,185.315,647.442,1242.021,633.751,474.656,1658.321
North America,1980,375011481,0.0,4579.549,0.0,0.0,0.0,0.0,66222.047,6086.529,0.0,0.0,16230.248,0.0,1629.639,1469.592,551.114,4345.57,857.963,806.28,302.364,2287.831,11572.869,0.0,0.0,30860.039,94.151,30.189,80.502,251.062,0.0,1723.79,1550.094,581.303,4596.632,0.0,0.0,0.0,0.0,0.0,0.0,0.0,0.0
North America,1981,379803523,0.0,4716.778,0.0,0.0,0.0,0.0,64000.547,5964.575,0.0,0.0,15704.37,0.0,1652.903,1471.766,558.982,4351.995,928.128,861.213,327.092,2443.705,10935.064,0.0,0.0,28791.371,98.302,31.567,83.113,258.824,0.0,1751.205,1554.879,590.548,4610.818,0.0,0.0,0.0,0.0,0.0,0.0,0.0,0.0
North America,1982,384900361,0.0,4573.802,0.0,0.0,0.0,0.0,60805.871,5650.994,0.0,0.0,14681.705,0.0,1766.698,1552.26,597.465,4590.015,953.385,872.935,335.993,2476.966,10349.138,0.0,0.0,26887.836,97.533,31.264,81.226,253.399,0.0,1864.232,1633.486,628.729,4843.415,0.0,0.0,0.0,0.0,0.0,0.0,0.0,0.0
North America,1983,390035393,0.0,4751.335,0.0,0.0,0.0,0.0,59727.551,5337.409,0.0,0.0,13684.422,0.0,1853.259,1606.876,626.739,4751.516,1015.103,917.209,357.744,2602.593,10217.198,0.0,0.0,26195.566,108.256,34.774,89.155,277.555,0.0,1961.532,1696.046,661.518,5029.114,0.009,0.008,0.003,0.023,0.008,0.007,0.003,0.02
North America,1984,395211695,0.0,5111.611,0.0,0.0,0.0,0.0,62030.34,5702.672,0.0,0.0,14429.412,0.0,1889.36,1616.722,638.947,4780.628,1126.741,1004.746,397.087,2850.982,10544.773,0.0,0.0,26681.33,126.395,40.658,102.877,319.815,0.0,2015.79,1719.629,679.617,5100.531,0.016,0.013,0.005,0.04,0.019,0.017,0.007,0.049
North America,1985,400431902,0.0,5217.145,3973.145,1590.974,0.0,3250.849,61403.527,5554.89,818.968,327.941,13872.245,0.0,1835.926,1550.517,620.877,4584.863,1317.759,1159.763,464.406,3290.844,10521.335,423.502,169.584,26274.967,126.615,40.937,102.232,316.197,8118.355,1962.593,1652.793,661.831,4901.189,0.032,0.027,0.011,0.079,0.02,0.017,0.007,0.05
North America,1986,405701943,0.0,5136.491,3865.216,1568.126,0.0,3285.162,61047.129,5210.829,694.479,281.751,12843.983,0.0,1865.749,1555.236,630.962,4598.817,1438.894,1249.924,507.097,3546.677,10960.857,527.285,213.921,27017.02,139.403,45.253,111.542,343.61,8097.476,2005.21,1666.826,676.235,4942.569,0.042,0.035,0.014,0.103,0.015,0.013,0.005,0.038
North America,1987,411023468,0.0,5366.754,4052.101,1665.509,0.0,3417.961,62260.273,5500.999,749.979,308.259,13383.66,0.0,1753.892,1443.067,593.134,4267.133,1579.057,1353.92,556.493,3841.769,11218.513,495.502,203.663,27294.094,156.352,50.73,123.425,380.396,8315.731,1910.289,1566.529,643.88,4647.639,0.031,0.026,0.011,0.076,0.014,0.011,0.005,0.033
North America,1988,416389777,0.0,5620.673,4218.246,1756.435,0.0,3576.731,64090.703,5781.152,695.416,289.564,13883.992,0.0,1656.271,1345.184,560.121,3977.694,1809.13,1531.199,637.576,4344.799,11646.966,579.617,241.347,27971.307,157.184,50.961,122.388,377.492,8589.863,1813.488,1467.598,611.093,4355.265,0.027,0.022,0.009,0.065,0.006,0.005,0.002,0.013
North America,1989,421790737,0.0,5685.647,4293.823,1811.095,0.0,3818.084,64790.469,6129.262,957.264,403.765,14531.524,0.0,1750.044,1403.144,591.833,4149.082,1807.225,1510.001,636.904,4284.649,11753.943,632.721,266.876,27866.766,179.381,58.421,138.508,425.283,9052.081,1936.484,1547.312,652.642,4591.103,0.749,0.6,0.253,1.775,6.311,5.06,2.134,14.963
North America,1990,427517678,0.0,5696.626,4245.846,1815.174,0.0,3877.994,63933.887,6131.631,991.036,423.685,14342.403,0.0,1814.708,1435.499,613.701,4244.755,1936.944,1596.706,682.62,4530.675,11500.897,506.377,216.485,26901.572,210.034,68.172,159.46,491.288,9070.957,2034.179,1602.425,685.065,4758.117,1.099,0.87,0.372,2.572,8.338,6.595,2.82,19.503
North America,1991,432663819,0.0,5635.021,4207.108,1820.263,0.0,3952.292,63224.582,6264.195,1011.932,437.826,14478.203,0.0,1828.955,1429.561,618.519,4227.196,2080.995,1695.049,733.386,4809.727,11279.024,486.736,210.593,26068.795,221.182,71.761,165.859,511.21,9134.788,2060.379,1603.426,693.744,4762.079,1.42,1.11,0.48,3.282,8.823,6.896,2.984,20.392
North America,1992,438123767,0.0,5677.257,4238.713,1857.081,0.0,3984.393,63400.598,6480.355,1064.509,466.387,14791.152,0.0,1758.607,1357.445,594.729,4013.951,2086.381,1678.258,735.285,4762.081,11491.751,433.972,190.134,26229.463,238.176,77.146,176.083,543.628,9094.217,2006.81,1541.267,675.266,4580.463,1.224,0.945,0.414,2.793,8.802,6.794,2.977,20.09
North America,1993,443652232,0.0,5845.818,4339.331,1925.154,0.0,4118.792,63895.164,6665.275,1083.11,480.524,15023.649,0.0,1862.385,1419.636,629.825,4197.849,2101.54,1669.386,740.627,4736.909,11580.811,449.023,199.21,26103.352,244.891,79.333,178.819,551.988,9283.829,2117.859,1606.523,712.737,4773.692,1.423,1.085,0.481,3.207,9.16,6.983,3.098,20.648
North America,1994,449318557,0.0,5891.264,4302.532,1933.208,0.0,4210.412,64532.77,6848.821,1183.294,531.676,15242.686,0.0,1799.048,1354.062,608.405,4003.947,2228.784,1748.137,785.47,4960.365,11930.97,453.265,203.66,26553.477,245.891,79.469,176.866,547.254,9370.66,2056.952,1539.97,691.937,4577.938,1.505,1.133,0.509,3.349,10.508,7.909,3.554,23.387
North America,1995,455163077,0.0,5960.484,4306.352,1960.092,0.0,4331.059,64996.105,7133.505,1264.973,575.769,15672.417,0.0,1992.962,1480.752,673.983,4378.566,2311.018,1789.362,814.452,5077.341,11891.566,343.779,156.476,26125.947,241.36,77.805,170.94,530.271,9515.399,2245.538,1660.025,755.582,4933.48,1.547,1.15,0.523,3.4,9.669,7.184,3.27,21.244
North America,1996,461221140,0.0,6229.24,4453.199,2053.909,0.0,4450.173,66273.391,7271.089,1147.165,529.097,15764.864,0.0,2173.228,1593.479,734.946,4711.901,2299.07,1756.729,810.241,4984.746,12302.802,360.862,166.437,26674.41,247.303,79.784,172.985,536.192,9648.676,2432.05,1774.91,818.626,5273.066,1.636,1.2,0.553,3.547,9.883,7.246,3.342,21.427
North America,1997,467453759,0.0,6367.079,4521.434,2113.561,0.0,4517.77,65928.758,7331.801,1201.039,561.43,15684.548,0.0,2165.122,1566.369,732.205,4631.735,2139.888,1613.296,754.141,4577.752,12512.901,415.137,194.058,26768.213,251.37,81.075,173.439,537.742,9664.635,2428.168,1748.255,817.228,5194.457,1.613,1.167,0.546,3.452,10.063,7.28,3.403,21.528
North America,1998,473738739,0.0,6449.968,4546.224,2153.722,0.0,4665.518,65462.562,7236.261,1324.971,627.69,15274.792,0.0,2008.754,1433.964,679.324,4240.215,2239.985,1666.357,789.418,4728.312,12769.615,522.831,247.685,26954.975,253.615,81.807,172.685,535.348,9848.293,2273.263,1614.425,764.816,4798.559,1.602,1.144,0.542,3.382,9.292,6.633,3.142,19.614
North America,1999,479907403,0.0,6428.91,4506.407,2162.658,0.0,4774.153,65837.312,7320.5,1373.297,659.055,15253.985,0.0,2060.307,1451.86,696.758,4293.134,2410.654,1770.269,849.565,5023.165,13059.229,482.239,231.43,27211.975,256.531,82.723,172.373,534.543,9948.072,2332.399,1635.198,784.744,4860.102,1.593,1.123,0.539,3.319,13.968,9.843,4.724,29.106
North America,2000,486124191,465.62,6721.992,4655.716,2263.256,4674.98,4932.626,66661.477,7643.197,1485.243,722.012,15722.725,2296.73,1963.875,1366.208,664.147,4039.864,2480.233,1798.072,874.086,5102.056,13269.027,472.156,229.526,27295.551,258.294,83.221,171.192,531.334,10146.843,2241.433,1550.801,753.882,4610.824,1.603,1.115,0.542,3.298,17.66,12.286,5.972,36.328
North America,2001,491771516,469.064,6558.929,4454.571,2190.631,4595.11,4856.29,64451.191,7330.982,1585.947,779.924,14907.293,2277.91,1679.151,1162.267,571.57,3414.495,2520.771,1818.281,894.179,5125.898,13269.911,493.984,242.927,26983.895,260.839,84.055,170.923,530.408,9875.093,1962.915,1349.058,663.428,3991.519,1.771,1.226,0.603,3.602,21.153,14.642,7.2,43.015
North America,2002,497173054,461.435,6622.44,4478.262,2226.471,4731.56,5004.264,64913.57,7616.769,1711.662,850.992,15320.155,2309.14,1850.633,1275.273,634.032,3722.312,2537.244,1822.035,905.867,5103.341,13277.146,394.897,196.332,26705.279,276.411,89.123,179.26,555.965,10065.436,2160.843,1477.824,734.734,4346.258,1.849,1.274,0.634,3.72,31.949,22.016,10.946,64.261
North America,2003,502448457,466.048,6704.677,4534.564,2278.385,4746.74,5030.855,64500.477,7517.033,1627.495,817.732,14960.805,2344.62,1821.745,1250.2,628.161,3625.734,2473.49,1768.942,888.802,4922.873,13504.173,434.545,218.336,26876.732,274.302,88.684,176.503,545.931,10012.679,2132.929,1452.014,729.562,4245.07,1.866,1.28,0.643,3.713,35.017,24.031,12.074,69.692
North America,2004,507773683,461.533,6730.0,4462.824,2266.104,4857.61,5143.234,65170.941,7569.074,1764.313,895.872,14906.393,2373.77,1810.887,1237.598,628.42,3566.326,2568.84,1829.519,928.982,5059.026,13996.504,439.605,223.22,27564.453,278.124,90.095,177.432,547.732,10128.989,2135.321,1446.679,734.586,4205.262,2.086,1.426,0.724,4.109,44.224,30.224,15.347,87.095
North America,2005,513270888,461.693,6845.555,4506.902,2313.262,4980.91,5272.166,64794.254,7535.271,1833.625,941.146,14680.886,2434.12,1886.121,1283.332,658.697,3674.709,2542.598,1802.846,925.348,4953.716,14003.797,429.704,220.554,27283.443,279.303,90.679,176.669,544.164,10271.703,2224.028,1499.875,769.842,4333.048,2.241,1.525,0.783,4.366,56.362,38.349,19.684,109.81
North America,2006,518977617,453.757,6751.022,4396.49,2281.68,4987.3,5278.726,63828.379,7533.933,1991.826,1033.713,14516.874,2395.26,1910.39,1293.687,671.395,3681.064,2557.875,1805.088,936.8,4928.681,13867.042,256.568,133.153,26719.924,278.043,90.298,173.992,535.751,10171.395,2274.823,1526.182,792.054,4383.279,2.455,1.663,0.863,4.731,83.935,56.84,29.499,161.732
North America,2007,524838668,456.32,6841.358,4418.196,2318.84,5112.21,5413.224,64090.797,7969.52,2162.779,1135.11,15184.704,2470.16,1810.673,1220.094,640.352,3449.962,2583.46,1814.121,952.121,4922.388,13860.283,255.768,134.237,26408.654,282.498,91.933,175.164,538.256,10314.073,2204.359,1470.18,771.607,4200.07,3.225,2.173,1.14,6.144,107.963,72.749,38.182,205.708
North America,2008,530772198,448.242,6707.564,4272.007,2267.462,5078.01,5375.382,62087.43,8030.984,2108.905,1119.348,15130.756,2409.47,1882.318,1262.03,669.85,3546.377,2571.933,1796.999,953.797,4845.644,13070.06,211.725,112.378,24624.611,277.079,90.335,170.195,522.031,10127.475,2333.076,1548.67,821.991,4395.625,4.78,3.205,1.701,9.006,168.898,113.24,60.105,318.212
North America,2009,536655875,431.761,5903.345,3748.022,2011.398,4890.02,5168.65,58615.75,7940.485,2184.846,1172.51,14796.232,2231.62,1868.721,1246.874,669.142,3482.159,2521.403,1753.201,940.866,4698.36,12438.463,187.113,100.415,23177.727,277.546,90.571,168.769,517.177,9631.219,2381.691,1572.725,844.012,4438.022,6.243,4.166,2.235,11.633,229.18,152.917,82.064,427.053
North America,2010,542398360,437.532,6254.897,3899.193,2114.916,5071.78,5359.17,59750.098,8290.135,2317.656,1257.093,15284.218,2344.81,1798.255,1194.482,647.885,3315.378,2517.871,1742.903,945.348,4642.107,12645.73,166.871,90.511,23314.471,286.738,93.577,172.525,528.649,9880.506,2388.091,1568.337,850.663,4402.835,9.294,6.174,3.349,17.136,293.802,195.157,105.853,541.673
North America,2011,547977715,423.184,5924.992,3627.422,1987.746,5104.97,5376.838,59176.871,8527.974,2376.828,1302.449,15562.629,2275.39,2014.462,1332.597,730.234,3676.176,2474.653,1705.948,934.821,4515.975,12471.007,159.346,87.318,22758.236,288.258,94.174,171.858,526.041,9812.147,2686.227,1758.151,963.427,4902.073,15.011,9.93,5.442,27.394,368.495,243.765,133.578,672.464
North America,2012,553416143,412.565,5252.812,3148.662,1742.521,5068.44,5328.733,57396.789,8846.604,2770.718,1533.36,15985.445,2198.45,1888.066,1244.251,688.589,3411.657,2401.699,1649.382,912.794,4339.771,12273.223,156.983,86.877,22177.203,292.941,95.678,172.887,529.332,9628.8,2641.566,1720.65,952.236,4773.2,27.947,18.417,10.192,50.499,432.612,285.095,157.776,781.712
North America,2013,558712197,409.613,5431.861,3247.242,1814.274,5106.59,5369.333,58245.391,9142.065,2565.953,1433.629,16362.745,2199.35,1877.302,1232.858,688.813,3360.052,2471.626,1691.504,945.064,4423.791,12376.567,149.209,83.365,22151.955,306.524,100.136,179.227,548.626,9610.195,2738.947,1776.642,992.631,4902.25,48.766,32.025,17.893,87.282,506.355,332.532,185.79,906.289
North America,2014,563874452,407.049,5410.141,3216.485,1813.694,5146.7,5400.032,58177.465,9351.395,2567.865,1447.953,16584.178,2198.08,1839.26,1204.026,678.92,3261.825,2483.523,1694.231,955.334,4404.391,12382.558,123.503,69.64,21959.777,311.906,101.939,180.784,553.148,9576.657,2789.454,1802.65,1016.468,4946.941,86.365,56.537,31.88,153.163,551.923,361.303,203.73,978.805
North America,2015,568911278,392.052,4727.963,2749.422,1564.177,5151.66,5406.475,57273.074,9579.755,2968.387,1688.749,16838.75,2119.62,1779.787,1161.694,660.901,3128.409,2459.641,1673.042,951.813,4323.417,12586.739,117.148,66.647,22124.258,312.718,102.369,179.939,549.677,9503.195,2826.069,1820.441,1035.669,4967.503,115.67,75.499,42.952,203.318,617.894,403.309,229.447,1086.099
North America,2016,573814471,378.517,4340.859,2514.576,1442.9,5172.46,5419.736,56676.953,9578.896,3028.274,1737.668,16693.369,2051.46,1825.224,1188.202,681.808,3180.862,2464.551,1671.951,959.39,4295.032,12675.836,112.106,64.328,22090.479,313.533,102.69,178.96,546.402,9445.103,3027.314,1945.603,1116.415,5275.772,161.253,104.974,60.236,281.02,727.303,473.467,271.682,1267.489
North America,2017,578582939,367.347,4271.402,2421.42,1400.992,5128.15,5376.599,56543.641,9578.893,2844.18,1645.594,16555.781,1975.08,1931.945,1254.692,725.943,3339.098,2448.531,1657.14,958.793,4231.944,12710.409,113.694,65.781,21968.172,313.609,102.834,177.735,542.029,9292.701,3266.855,2095.705,1212.539,5646.303,222.231,144.327,83.505,384.096,799.069,518.951,300.256,1381.079
North America,2018,582921778,363.848,4050.202,2281.78,1330.099,5288.05,5538.19,57786.168,10464.132,3169.106,1847.341,17951.176,2015.06,1879.336,1218.566,710.329,3223.993,2445.27,1652.278,963.149,4194.851,12978.33,114.355,66.66,22264.273,308.09,101.077,173.397,528.528,9500.744,3312.291,2121.328,1236.568,5682.222,270.12,175.146,102.097,463.389,854.745,554.219,323.066,1466.311
North America,2019,587512602,349.789,3501.052,1926.247,1131.695,5240.14,5495.663,56842.363,10783.879,3379.524,1985.513,18355.145,1922.32,1825.354,1178.662,692.479,3106.919,2437.632,1640.294,963.694,4149.072,12868.106,98.344,57.778,21902.689,291.471,95.823,163.099,496.111,9354.119,3358.395,2143.463,1259.311,5716.294,318.216,205.477,120.721,541.633,923.353,596.224,350.289,1571.631
North America,2020,592062325,328.817,2809.567,1523.236,901.85,5108.4,5345.716,52011.91,10486.874,3411.943,2020.083,17712.449,1757.76,1833.254,1178.997,698.04,3096.387,2369.323,1587.911,940.142,4001.814,11174.987,91.212,54.003,18874.68,279.005,91.943,155.292,471.242,9028.975,3547.368,2257.232,1336.422,5991.545,387.633,249.294,147.597,654.717,1047.476,673.649,398.842,1769.198
North America,2021,596581280,324.818,3175.751,1727.623,1030.668,5111.69,5473.462,53993.953,10557.094,3307.247,1973.042,17695.986,1777.88,1766.903,1131.861,675.247,2961.713,2317.584,1547.132,922.99,3884.776,12029.807,93.717,55.91,20164.572,283.268,93.345,156.466,474.819,9174.713,3690.162,2338.889,1395.337,6185.515,483.605,309.792,184.816,810.626,1156.387,740.77,441.93,1938.356
Oceania,1980,23212083,0.0,338.392,0.0,0.0,0.0,0.0,42170.645,119.364,0.0,0.0,5142.333,0.0,97.082,1414.403,32.831,4182.375,0.0,0.0,0.0,0.0,416.958,0.0,0.0,17962.992,7.072,2.356,101.519,304.673,0.0,104.154,1515.923,35.188,4487.048,0.0,0.0,0.0,0.0,0.0,0.0,0.0,0.0
Oceania,1981,23560987,0.0,346.717,0.0,0.0,0.0,0.0,42134.605,130.622,0.0,0.0,5543.991,0.0,99.196,1423.8,33.546,4210.162,0.0,0.0,0.0,0.0,409.146,0.0,0.0,17365.422,7.052,2.343,99.426,299.309,0.0,106.248,1523.227,35.889,4509.471,0.0,0.0,0.0,0.0,0.0,0.0,0.0,0.0
Oceania,1982,23934628,0.0,349.991,0.0,0.0,0.0,0.0,41328.133,136.407,0.0,0.0,5699.166,0.0,91.887,1298.302,31.074,3839.064,0.0,0.0,0.0,0.0,403.39,0.0,0.0,16853.838,7.498,2.484,103.796,313.275,0.0,99.385,1402.098,33.559,4152.339,0.0,0.0,0.0,0.0,0.0,0.0,0.0,0.0
Oceania,1983,24328845,0.0,351.304,0.0,0.0,0.0,0.0,39693.328,148.167,0.0,0.0,6090.16,0.0,94.255,1310.18,31.875,3874.188,0.0,0.0,0.0,0.0,364.689,0.0,0.0,14989.968,7.279,2.417,99.363,299.185,0.0,101.533,1409.543,34.293,4173.373,0.0,0.0,0.0,0.0,0.0,0.0,0.0,0.0
Oceania,1984,24736218,0.0,369.62,0.0,0.0,0.0,0.0,40625.477,152.362,0.0,0.0,6159.487,0.0,99.067,1354.399,33.503,4004.944,0.0,0.0,0.0,0.0,376.12,0.0,0.0,15205.24,7.751,2.579,104.278,313.344,0.0,106.818,1458.677,36.082,4318.288,0.0,0.0,0.0,0.0,0.0,0.0,0.0,0.0
Oceania,1985,25151041,0.0,380.805,3553.491,89.374,0.0,152.138,41022.859,168.442,457.277,11.501,6697.207,0.0,99.498,1337.852,33.648,3956.014,0.0,0.0,0.0,0.0,375.585,185.559,4.667,14933.188,7.438,2.466,98.056,295.726,6048.973,106.936,1435.908,36.115,4251.74,0.0,0.0,0.0,0.0,0.0,0.0,0.0,0.0
Oceania,1986,25572657,0.0,392.043,3620.547,92.587,0.0,158.872,41498.418,187.946,539.013,13.784,7349.5,0.0,106.817,1412.583,36.123,4176.992,0.0,0.0,0.0,0.0,366.762,147.462,3.771,14341.947,7.657,2.543,99.444,299.431,6212.576,114.474,1512.026,38.667,4476.423,0.0,0.0,0.0,0.0,0.0,0.0,0.0,0.0
Oceania,1987,26001723,0.0,405.511,3859.283,100.348,0.0,165.568,41882.773,189.65,538.003,13.989,7293.748,0.0,105.098,1366.923,35.542,4041.976,0.0,0.0,0.0,0.0,381.09,107.647,2.799,14656.345,7.675,2.548,97.99,295.164,6367.562,112.773,1464.913,38.09,4337.141,0.0,0.0,0.0,0.0,0.0,0.0,0.0,0.0
Oceania,1988,26434887,0.0,426.93,4009.777,105.998,0.0,174.46,43095.875,197.145,556.764,14.718,7457.772,0.0,110.287,1410.904,37.297,4172.029,0.0,0.0,0.0,0.0,396.338,92.454,2.444,14992.977,8.535,2.818,106.612,322.855,6599.619,118.822,1517.517,40.115,4494.884,0.0,0.0,0.0,0.0,0.0,0.0,0.0,0.0
Oceania,1989,26868219,0.0,448.293,4226.555,113.56,0.0,182.791,43535.059,190.891,563.044,15.128,7104.711,0.0,108.854,1370.114,36.813,4051.413,0.0,0.0,0.0,0.0,411.493,112.549,3.024,15315.223,10.179,3.388,126.102,378.844,6803.242,119.033,1496.216,40.201,4430.256,0.0,0.0,0.0,0.0,0.0,0.0,0.0,0.0
Oceania,1990,27298693,0.0,458.276,4519.008,123.363,0.0,188.268,44667.445,212.208,460.297,12.566,7773.561,0.0,112.202,1389.986,37.945,4110.174,0.0,0.0,0.0,0.0,425.577,127.259,3.474,15589.643,11.1,3.712,135.993,406.616,6896.589,123.302,1525.979,41.657,4516.79,0.0,0.0,0.0,0.0,0.0,0.0,0.0,0.0
Oceania,1991,27725242,0.0,466.544,4588.654,127.222,0.0,191.603,43831.758,209.167,404.054,11.203,7544.27,0.0,113.986,1390.356,38.548,4111.269,0.0,0.0,0.0,0.0,414.076,103.84,2.879,14934.993,11.457,3.841,138.55,413.219,6910.766,125.459,1529.103,42.395,4525.069,0.016,0.197,0.005,0.581,0.0,0.0,0.0,0.0
Oceania,1992,28147955,0.0,470.582,4618.538,130.002,0.0,194.611,43784.629,217.531,425.04,11.964,7728.116,0.0,109.51,1315.696,37.034,3890.5,0.0,0.0,0.0,0.0,423.646,84.962,2.391,15050.701,11.141,3.739,132.845,395.803,6913.875,120.689,1448.996,40.786,4287.647,0.036,0.43,0.012,1.271,0.002,0.025,0.001,0.073
Oceania,1993,28566201,0.0,473.295,4665.562,133.277,0.0,199.998,44104.52,222.394,428.723,12.247,7785.213,0.0,117.924,1396.052,39.88,4128.11,0.0,0.0,0.0,0.0,434.66,82.983,2.371,15215.898,11.573,3.888,136.108,405.116,7001.216,129.549,1532.775,43.786,4535.047,0.043,0.511,0.015,1.511,0.009,0.105,0.003,0.309
Oceania,1994,28979990,0.0,481.882,4723.746,136.894,0.0,205.338,45292.141,238.338,467.771,13.556,8224.214,0.0,124.155,1448.83,41.987,4284.175,0.0,0.0,0.0,0.0,456.867,87.267,2.529,15764.9,11.254,3.771,130.129,388.331,7085.51,135.48,1579.784,45.782,4674.945,0.051,0.6,0.017,1.775,0.019,0.225,0.007,0.664
Oceania,1995,29389628,0.0,497.822,4829.437,141.935,0.0,211.634,46574.508,238.046,465.436,13.679,8099.667,0.0,127.641,1468.741,43.166,4343.052,0.0,0.0,0.0,0.0,493.683,94.302,2.772,16797.877,11.529,3.85,131.001,392.28,7200.984,139.256,1600.734,47.045,4738.266,0.063,0.72,0.021,2.128,0.024,0.273,0.008,0.806
Oceania,1996,29796471,0.0,517.416,4981.493,148.431,0.0,216.931,47183.469,245.701,400.568,11.936,8245.992,0.0,124.641,1414.645,42.151,4183.09,0.0,0.0,0.0,0.0,506.339,83.567,2.49,16993.252,11.682,3.898,130.819,392.06,7280.44,136.444,1546.838,46.09,4579.211,0.076,0.859,0.026,2.541,0.045,0.514,0.015,1.521
Oceania,1997,30201873,0.0,543.987,5214.042,157.474,0.0,226.423,47534.453,246.11,403.286,12.18,8148.838,0.0,115.946,1298.286,39.211,3839.017,0.0,0.0,0.0,0.0,517.322,66.155,1.998,17128.807,12.112,4.043,133.88,401.037,7496.984,128.211,1433.879,43.306,4245.12,0.091,1.015,0.031,3.001,0.062,0.698,0.021,2.065
Oceania,1998,30607346,0.0,566.33,5421.767,165.946,0.0,237.247,47851.848,245.265,472.681,14.467,8013.262,0.0,121.584,1343.381,41.117,3972.364,0.0,0.0,0.0,0.0,518.096,57.993,1.775,16927.176,13.12,4.389,143.394,428.644,7751.304,134.927,1489.247,45.582,4408.318,0.105,1.163,0.036,3.439,0.118,1.309,0.04,3.871
Oceania,1999,31014223,0.0,601.014,5518.804,171.161,0.0,244.859,48909.844,256.974,519.858,16.123,8285.689,0.0,115.917,1263.97,39.201,3737.544,0.0,0.0,0.0,0.0,528.646,56.635,1.757,17045.279,13.986,4.69,151.212,450.969,7895.067,130.266,1419.134,44.013,4200.202,0.12,1.309,0.041,3.871,0.242,2.644,0.082,7.817
Oceania,2000,31425087,607.493,604.522,5736.189,180.26,243.48,256.217,48842.457,264.303,533.268,16.758,8410.587,155.65,120.945,1301.555,40.901,3848.683,0.0,0.0,0.0,0.0,530.466,60.907,1.914,16880.33,13.752,4.63,147.347,437.617,8153.261,135.587,1458.478,45.833,4314.619,0.138,1.488,0.047,4.399,0.752,8.089,0.254,23.92
Oceania,2001,31837552,630.398,601.618,5649.849,179.877,257.92,263.96,48447.41,283.686,769.547,24.5,8910.431,166.4,111.062,1187.424,37.805,3488.399,0.0,0.0,0.0,0.0,531.908,70.514,2.245,16706.941,12.762,4.327,135.917,400.841,8290.842,125.234,1338.421,42.612,3933.544,0.159,1.701,0.054,4.997,1.251,13.38,0.426,39.308
Oceania,2002,32254898,626.433,614.791,5328.255,171.862,262.13,264.226,48898.098,287.33,947.225,30.553,8908.107,165.52,119.579,1270.133,40.968,3707.309,0.0,0.0,0.0,0.0,539.624,63.665,2.053,16729.973,13.699,4.634,143.662,424.697,8191.816,135.459,1436.965,46.349,4199.635,0.17,1.807,0.058,5.276,2.011,21.362,0.689,62.353
Oceania,2003,32691406,619.997,638.996,5310.448,173.606,261.59,266.808,48596.641,274.567,922.18,30.147,8398.749,165.42,115.522,1218.465,39.833,3533.701,0.0,0.0,0.0,0.0,542.216,46.644,1.525,16585.877,14.742,4.968,151.98,450.956,8161.4,132.914,1398.397,45.716,4065.721,0.183,1.933,0.063,5.607,2.467,26.019,0.851,75.458
Oceania,2004,33165766,632.938,665.66,5395.946,178.961,273.01,271.985,49461.754,275.254,824.982,27.361,8299.347,172.15,123.7,1294.309,42.927,3729.747,0.0,0.0,0.0,0.0,553.64,63.766,2.115,16693.102,18.641,6.21,187.24,562.045,8200.789,145.884,1518.619,50.366,4398.618,0.21,2.2,0.073,6.338,3.333,34.871,1.157,100.487
Oceania,2005,33690212,620.158,664.65,5431.113,182.975,266.34,273.72,48650.27,270.166,690.539,23.264,8019.126,169.75,111.081,1151.469,38.793,3297.134,0.0,0.0,0.0,0.0,564.07,87.548,2.95,16742.852,23.117,7.679,227.916,686.154,8124.626,139.917,1438.676,48.469,4153.059,0.241,2.495,0.084,7.144,5.479,56.795,1.913,162.628
Oceania,2006,34271071,607.753,681.52,5420.442,185.764,271.16,281.529,49648.504,297.585,796.237,27.288,8683.272,171.1,109.6,1123.931,38.518,3198.039,0.0,0.0,0.0,0.0,579.837,86.823,2.976,16919.131,24.006,8.004,233.551,700.474,8214.769,141.806,1441.571,49.404,4137.779,0.277,2.845,0.097,8.095,7.923,81.244,2.784,231.172
Oceania,2007,34900927,613.979,669.523,5314.648,185.486,281.14,287.078,49741.809,332.35,957.076,33.403,9522.683,176.26,103.744,1051.246,36.689,2972.524,0.0,0.0,0.0,0.0,592.864,99.582,3.476,16987.045,25.55,8.533,244.503,732.062,8225.521,140.319,1407.469,49.122,4020.489,0.331,3.357,0.117,9.492,10.694,108.363,3.782,306.41
Oceania,2008,35561161,613.142,701.764,5180.932,184.24,281.15,289.297,49559.047,324.395,1021.004,36.308,9122.165,177.38,95.999,960.669,34.162,2699.534,0.0,0.0,0.0,0.0,600.467,104.693,3.723,16885.486,25.349,8.589,241.53,712.815,8135.185,134.441,1333.228,47.411,3780.55,0.401,4.012,0.143,11.273,12.693,127.018,4.517,356.928
Oceania,2009,36225138,607.262,673.68,5024.752,182.022,286.24,293.448,48016.34,331.503,1135.203,41.123,9151.194,178.2,102.938,1017.511,36.859,2841.616,0.0,0.0,0.0,0.0,587.893,89.645,3.247,16228.882,24.242,8.369,231.038,669.191,8100.677,144.517,1419.923,51.437,3989.405,0.821,8.111,0.294,22.653,16.517,163.263,5.914,455.945
Oceania,2010,36873070,598.806,623.466,4773.669,176.02,291.51,295.955,47290.68,360.824,1268.969,46.791,9785.576,177.22,106.783,1043.377,38.473,2895.975,0.0,0.0,0.0,0.0,603.152,84.08,3.1,16357.53,25.796,9.05,245.445,699.595,8026.329,153.684,1495.033,55.126,4167.927,2.724,26.618,0.981,73.88,18.38,179.594,6.622,498.477
Oceania,2011,37498325,574.084,608.332,4586.458,171.984,292.72,300.931,47791.605,368.153,1300.962,48.784,9817.849,172.76,123.264,1191.591,44.683,3287.188,0.0,0.0,0.0,0.0,633.449,77.287,2.898,16892.715,26.986,9.511,253.647,719.663,8025.196,179.045,1723.594,64.632,4774.74,5.652,54.634,2.049,150.716,23.143,223.723,8.389,617.173
Oceania,2012,38104734,580.058,574.74,4340.252,165.384,289.4,294.919,46472.922,374.257,1307.252,49.812,9821.803,171.07,109.493,1047.971,39.933,2873.469,0.0,0.0,0.0,0.0,646.547,94.041,3.583,16967.631,29.237,10.285,269.902,767.285,7739.692,172.239,1638.594,62.438,4520.152,6.627,63.426,2.417,173.909,26.882,257.296,9.804,705.489
Oceania,2013,38695742,557.62,544.119,4017.171,155.447,287.72,292.816,46315.18,393.804,1362.518,52.724,10176.936,163.28,114.789,1088.442,42.118,2966.459,0.0,0.0,0.0,0.0,664.381,122.451,4.738,17169.348,30.91,10.91,281.941,798.804,7567.131,186.949,1761.51,68.163,4831.248,10.504,99.6,3.854,271.451,30.745,291.527,11.281,794.534
Oceania,2014,39278630,545.852,538.398,3952.0,155.229,287.18,291.636,46176.695,424.499,1366.02,53.655,10807.381,159.19,105.119,987.867,38.802,2676.228,0.0,0.0,0.0,0.0,663.235,150.729,5.92,16885.383,33.529,11.91,303.207,853.632,7424.792,184.592,1722.834,67.671,4699.541,13.466,126.55,4.971,342.837,32.477,305.21,11.988,826.843
Oceania,2015,39858692,552.609,557.085,4069.439,162.202,291.47,298.674,46458.262,435.977,1247.044,49.706,10938.062,165.05,103.993,968.835,38.617,2609.047,0.0,0.0,0.0,0.0,661.896,154.6,6.162,16606.066,35.382,12.637,317.056,887.676,7493.321,194.39,1798.434,71.683,4876.985,16.783,156.355,6.232,421.061,38.232,356.187,14.197,959.201
Oceania,2016,40435630,548.446,553.858,4015.184,162.357,296.38,302.382,46016.172,426.683,1189.805,48.111,10552.144,165.84,116.624,1077.378,43.564,2884.182,0.0,0.0,0.0,0.0,665.336,141.416,5.718,16454.205,35.06,12.573,310.951,867.051,7478.101,212.925,1954.087,79.015,5265.788,20.068,185.388,7.496,496.292,41.174,380.369,15.38,1018.263
Oceania,2017,41006480,539.644,536.062,3881.549,159.169,298.62,303.608,45351.035,421.065,1343.392,55.088,10268.257,163.84,102.927,943.158,38.676,2510.016,0.0,0.0,0.0,0.0,698.313,128.585,5.273,17029.34,34.799,12.539,305.783,848.628,7403.898,202.386,1841.438,75.511,4935.452,23.937,219.341,8.994,583.73,40.723,373.157,15.302,993.078
Oceania,2018,41570822,531.225,524.555,3765.996,156.556,302.01,307.327,45195.039,412.711,1238.001,51.465,9927.907,163.26,115.264,1047.993,43.566,2772.702,0.0,0.0,0.0,0.0,708.642,117.9,4.901,17046.613,34.544,12.487,300.37,830.967,7392.858,231.198,2088.375,86.815,5561.54,32.894,299.08,12.433,791.283,48.496,440.932,18.33,1166.587
Oceania,2019,42128048,511.529,504.229,3556.79,149.841,304.92,311.048,46115.363,487.284,1322.411,55.711,11566.741,159.11,104.436,940.453,39.619,2479.007,0.0,0.0,0.0,0.0,705.096,112.21,4.727,16736.963,34.305,12.45,295.517,814.298,7383.385,244.58,2189.062,92.221,5805.631,48.567,437.347,18.425,1152.835,57.273,515.746,21.727,1359.491
Oceania,2020,42677808,480.968,485.601,3349.163,142.935,298.41,309.771,42945.57,476.702,1244.776,53.124,11169.791,148.99,101.609,906.54,38.689,2380.835,0.0,0.0,0.0,0.0,605.035,105.59,4.506,14176.813,34.13,12.428,291.196,799.714,7258.36,264.203,2343.872,100.031,6190.635,63.039,562.421,24.003,1477.08,65.425,583.715,24.912,1533.005
Oceania,2021,43219953,436.369,473.0,3179.045,137.398,287.61,311.869,42170.758,432.887,1102.061,47.631,10015.915,136.09,105.241,930.575,40.219,2435.013,0.0,0.0,0.0,0.0,617.162,108.92,4.707,14279.567,33.843,12.359,285.947,783.051,7215.856,298.274,2624.127,113.415,6901.312,82.16,726.485,31.399,1900.977,77.03,681.12,29.438,1782.271
South America,1980,240515270,0.0,124.29,0.0,0.0,0.0,0.0,10662.849,332.27,0.0,0.0,1381.494,0.0,576.117,810.062,194.832,2395.346,6.64,9.729,2.34,27.607,1501.049,0.0,0.0,6240.972,7.679,2.406,10.002,31.927,0.0,583.796,820.064,197.238,2427.273,0.0,0.0,0.0,0.0,0.0,0.0,0.0,0.0
South America,1981,245886788,0.0,122.718,0.0,0.0,0.0,0.0,10388.693,340.619,0.0,0.0,1385.269,0.0,582.04,800.512,196.835,2367.104,7.99,11.452,2.816,32.496,1477.846,0.0,0.0,6010.269,7.813,2.448,9.954,31.776,0.0,589.853,810.466,199.283,2398.88,0.0,0.0,0.0,0.0,0.0,0.0,0.0,0.0
South America,1982,251346383,0.0,123.054,0.0,0.0,0.0,0.0,10453.0,374.743,0.0,0.0,1490.941,0.0,631.005,849.006,213.395,2510.501,5.306,7.44,1.87,21.111,1461.373,0.0,0.0,5814.18,9.268,2.903,11.552,36.875,0.0,640.274,860.557,216.298,2547.376,0.0,0.0,0.0,0.0,0.0,0.0,0.0,0.0
South America,1983,256866412,0.0,135.773,0.0,0.0,0.0,0.0,10382.218,388.072,0.0,0.0,1510.793,0.0,678.739,893.606,229.537,2642.383,9.662,13.256,3.405,37.614,1411.234,0.0,0.0,5494.038,12.135,3.801,14.799,47.242,0.0,690.874,908.405,233.339,2689.625,0.0,0.0,0.0,0.0,0.0,0.0,0.0,0.0
South America,1984,262410927,0.0,156.729,0.0,0.0,0.0,0.0,10615.033,420.168,0.0,0.0,1601.184,0.0,748.134,964.156,253.005,2851.0,17.831,23.947,6.284,67.95,1390.818,0.0,0.0,5300.152,11.635,3.645,13.889,44.337,0.0,759.768,978.046,256.65,2895.337,0.0,0.0,0.0,0.0,0.0,0.0,0.0,0.0
South America,1985,267951818,0.0,179.825,38.872,10.416,0.0,358.183,10836.119,428.904,135.342,36.265,1600.676,0.0,809.94,1022.225,273.907,3022.708,25.955,34.137,9.147,96.863,1397.078,91.561,24.534,5213.916,12.492,3.913,14.604,46.619,1336.746,822.432,1036.829,277.82,3069.327,0.0,0.0,0.0,0.0,0.0,0.0,0.0,0.0
South America,1986,273476305,0.0,182.38,43.356,11.857,0.0,386.53,11350.972,465.95,138.235,37.804,1703.804,0.0,871.214,1077.347,294.629,3185.703,16.614,21.41,5.855,60.75,1489.908,118.006,32.272,5448.035,13.136,4.115,15.047,48.032,1413.396,884.35,1092.394,298.744,3233.736,0.0,0.0,0.0,0.0,0.0,0.0,0.0,0.0
South America,1987,278983193,0.0,199.665,39.501,11.02,0.0,405.261,11560.46,465.109,129.681,36.179,1667.156,0.0,930.308,1127.714,314.613,3334.637,21.105,26.661,7.438,75.651,1528.447,113.114,31.557,5478.636,14.227,4.457,15.975,50.995,1452.637,944.534,1143.689,319.07,3385.632,0.0,0.0,0.0,0.0,0.0,0.0,0.0,0.0
South America,1988,284470907,0.0,198.197,44.235,12.584,0.0,426.419,11750.196,501.544,161.707,46.001,1763.077,0.0,965.294,1147.55,326.445,3393.294,18.177,22.519,6.406,63.898,1575.372,107.732,30.647,5537.903,13.748,4.307,15.139,48.328,1498.99,979.042,1162.69,330.751,3441.623,0.0,0.0,0.0,0.0,0.0,0.0,0.0,0.0
South America,1989,289942213,0.0,214.542,52.592,15.249,0.0,437.918,11698.689,521.825,158.432,45.936,1799.756,0.0,990.354,1155.125,334.92,3415.693,19.491,23.691,6.869,67.223,1556.015,105.108,30.475,5366.639,13.867,4.344,14.983,47.828,1510.362,1004.221,1170.108,339.264,3463.521,0.0,0.0,0.0,0.0,0.0,0.0,0.0,0.0
South America,1990,295398169,0.0,179.876,52.55,15.523,0.0,447.059,11507.585,540.368,146.933,43.404,1829.286,0.0,1028.75,1177.748,347.904,3482.587,27.007,32.221,9.518,91.427,1537.565,83.999,24.813,5205.06,17.481,5.476,18.538,59.177,1513.413,1046.231,1196.286,353.381,3541.764,0.0,0.0,0.0,0.0,0.0,0.0,0.0,0.0
South America,1991,300829456,0.0,190.329,48.243,14.513,0.0,472.829,11689.251,549.306,152.563,45.895,1825.973,0.0,1101.411,1238.167,372.477,3661.246,26.099,30.575,9.198,86.758,1560.005,81.388,24.484,5185.679,18.124,5.678,18.873,60.246,1571.751,1119.535,1257.04,378.155,3721.492,0.0,0.0,0.0,0.0,0.0,0.0,0.0,0.0
South America,1992,306228622,0.0,200.238,42.809,13.109,0.0,484.327,12105.796,568.645,152.465,46.689,1856.93,0.0,1123.879,1241.149,380.075,3670.064,25.084,28.867,8.84,81.911,1696.004,90.691,27.772,5538.358,23.62,7.399,24.162,77.131,1581.585,1147.498,1265.311,387.475,3747.195,0.0,0.0,0.0,0.0,0.0,0.0,0.0,0.0
South America,1993,311601581,0.0,202.431,43.982,13.705,0.0,514.572,12384.513,609.325,160.868,50.127,1955.463,0.0,1211.027,1314.33,409.547,3886.46,23.245,26.29,8.192,74.598,1716.541,80.726,25.154,5508.767,23.819,7.462,23.946,76.439,1651.378,1234.846,1338.276,417.009,3962.9,0.0,0.0,0.0,0.0,0.0,0.0,0.0,0.0
South America,1994,316958267,0.0,215.74,49.067,15.552,0.0,539.742,12954.593,634.749,160.881,50.993,2002.627,0.0,1286.894,1373.065,435.204,4060.137,23.523,26.155,8.29,74.215,1842.36,67.414,21.367,5812.627,25.397,7.956,25.101,80.129,1702.879,1312.292,1398.166,443.16,4140.266,0.0,0.0,0.0,0.0,0.0,0.0,0.0,0.0
South America,1995,322302314,0.0,219.18,55.894,18.015,0.0,571.078,13310.562,700.09,184.096,59.335,2172.152,0.0,1334.111,1399.842,451.172,4139.317,27.198,29.739,9.585,84.385,1902.884,74.954,24.158,5904.035,26.599,8.332,25.853,82.527,1771.87,1360.71,1425.694,459.505,4221.844,0.0,0.0,0.0,0.0,0.0,0.0,0.0,0.0
South America,1996,327635138,0.0,225.474,59.013,19.335,0.0,600.134,13607.483,773.373,202.221,66.255,2360.469,0.0,1382.472,1426.974,467.527,4219.547,28.052,30.174,9.886,85.619,1935.461,82.823,27.136,5907.366,30.218,9.466,28.893,92.232,1831.715,1412.726,1455.904,477.005,4311.887,0.0,0.0,0.0,0.0,0.036,0.037,0.012,0.108
South America,1997,332943530,0.0,242.63,65.001,21.642,0.0,634.27,14120.573,783.848,207.665,69.141,2354.299,0.0,1463.273,1486.295,494.852,4394.958,31.582,33.429,11.13,94.856,2067.474,81.63,27.178,6209.683,32.093,10.053,30.196,96.391,1905.039,1495.422,1516.548,504.925,4491.52,0.0,0.0,0.0,0.0,0.057,0.058,0.019,0.17
South America,1998,338199109,0.0,237.445,67.41,22.798,0.0,659.029,14376.939,845.759,230.116,77.825,2500.774,0.0,1496.357,1496.28,506.041,4424.484,30.412,31.691,10.718,89.925,2142.436,94.093,31.822,6334.837,30.836,9.66,28.563,91.178,1948.641,1527.306,1524.956,515.739,4515.995,0.0,0.0,0.0,0.0,0.112,0.112,0.038,0.333
South America,1999,343364515,0.0,234.507,79.806,27.402,0.0,677.416,14239.585,827.175,245.664,84.352,2409.03,0.0,1492.441,1469.914,504.716,4346.521,31.448,32.278,11.083,91.588,2190.035,112.781,38.725,6378.164,34.536,10.819,31.508,100.581,1972.876,1527.088,1501.532,515.573,4447.424,0.0,0.0,0.0,0.0,0.111,0.109,0.037,0.322
South America,2000,348411887,137.266,236.41,72.59,25.291,688.46,709.206,14232.598,875.387,267.024,93.034,2512.505,97.35,1577.248,1530.937,533.397,4526.964,34.683,35.082,12.223,99.546,2134.067,99.197,34.561,6125.128,33.192,10.398,29.844,95.267,2035.54,1610.557,1560.894,543.834,4622.565,0.006,0.005,0.002,0.016,0.111,0.108,0.038,0.319
South America,2001,353333487,142.981,222.496,62.123,21.95,673.61,694.077,13864.838,909.83,287.403,101.549,2574.99,99.24,1472.255,1418.331,501.144,4166.756,60.154,60.391,21.338,170.246,2135.45,101.074,35.713,6043.723,37.752,11.826,33.47,106.844,1964.368,1510.289,1452.074,513.066,4274.401,0.008,0.008,0.003,0.023,0.275,0.265,0.093,0.777
South America,2002,358133211,134.968,212.984,56.168,20.116,692.1,714.242,13846.282,911.94,283.137,101.401,2546.37,96.4,1534.441,1467.899,525.703,4284.554,55.057,54.887,19.657,153.734,2132.61,94.243,33.752,5954.795,42.631,13.355,37.29,119.036,1994.347,1577.505,1505.602,539.206,4404.799,0.014,0.013,0.005,0.038,0.419,0.401,0.144,1.171
South America,2003,362809675,136.531,222.673,57.11,20.72,726.28,749.354,13818.747,943.716,302.964,109.918,2601.133,102.31,1590.061,1511.187,548.273,4382.631,58.23,57.672,20.924,160.498,2084.282,93.784,34.026,5744.835,48.836,15.298,42.167,134.604,2065.418,1639.345,1553.78,563.727,4518.472,0.019,0.018,0.006,0.052,0.43,0.408,0.148,1.184
South America,2004,367365340,148.739,234.224,67.13,24.661,772.16,790.313,14352.479,1059.851,345.522,126.933,2885.006,117.55,1630.88,1540.573,565.953,4439.395,53.867,53.026,19.48,146.629,2168.959,100.395,36.882,5904.093,51.488,16.129,43.905,140.155,2151.299,1682.946,1585.025,582.283,4581.125,0.023,0.022,0.008,0.063,0.555,0.524,0.193,1.511
South America,2005,371804633,142.527,220.902,68.468,25.457,802.74,826.513,14647.917,1091.09,338.6,125.893,2934.579,117.8,1716.492,1612.289,599.457,4616.65,45.964,44.991,16.728,123.624,2236.537,111.159,41.329,6015.356,55.461,17.374,46.729,149.168,2222.976,1772.621,1659.645,617.064,4767.613,0.028,0.026,0.01,0.074,0.64,0.601,0.223,1.72
South America,2006,376122792,143.272,255.377,78.079,29.367,846.7,867.373,15075.463,1160.605,327.69,123.251,3085.709,124.27,1783.389,1666.374,626.761,4741.507,58.636,57.096,21.475,155.897,2276.334,126.514,47.585,6052.103,58.985,18.478,49.127,156.823,2306.089,1843.452,1716.508,645.618,4901.197,0.0,0.0,0.0,0.001,1.078,1.007,0.379,2.866
South America,2007,380325044,150.756,272.518,86.123,32.755,889.44,910.343,15699.715,1190.263,326.238,124.076,3129.595,137.24,1835.567,1706.845,649.156,4826.312,53.192,51.545,19.604,139.86,2438.49,158.557,60.303,6411.594,74.138,23.225,61.066,194.934,2393.593,1911.947,1769.995,673.173,5027.139,0.0,0.0,0.0,0.001,2.241,2.084,0.793,5.892
South America,2008,384439466,160.893,292.824,87.133,33.498,922.97,950.01,15963.368,1197.767,365.73,140.601,3115.62,152.85,1833.229,1696.967,652.381,4768.575,57.605,55.568,21.363,149.841,2526.212,191.77,73.724,6571.156,85.441,26.765,69.622,222.247,2471.157,1922.417,1770.057,680.48,5000.571,0.001,0.001,0.0,0.002,3.747,3.468,1.333,9.746
South America,2009,388503333,152.149,245.316,84.978,33.014,931.49,960.964,15670.092,1143.2,333.579,129.597,2942.573,146.21,1872.783,1726.103,670.597,4820.508,56.653,54.414,21.14,145.823,2513.465,191.319,74.328,6469.609,96.592,30.259,77.886,248.627,2473.503,1973.463,1807.755,702.319,5079.655,0.001,0.001,0.0,0.002,4.087,3.766,1.463,10.519
South America,2010,392543709,167.846,301.767,96.264,37.788,980.75,1015.156,16434.088,1240.755,424.784,166.746,3160.808,170.39,1861.39,1708.424,670.631,4741.866,57.885,55.365,21.733,147.461,2679.017,190.912,74.941,6824.761,128.074,40.121,102.207,326.267,2586.098,1996.839,1817.401,713.409,5086.92,0.032,0.029,0.011,0.081,7.343,6.74,2.646,18.707
South America,2011,396571755,161.624,318.621,102.573,40.678,1019.73,1053.803,16975.123,1289.026,397.815,157.762,3250.422,170.32,1964.872,1796.037,712.257,4954.645,58.395,55.625,22.059,147.251,2792.625,189.114,74.997,7041.915,134.205,42.042,106.012,338.413,2657.281,2108.105,1910.301,757.571,5315.822,0.111,0.101,0.04,0.279,8.917,8.151,3.232,22.485
South America,2012,400581570,180.228,336.937,122.187,48.946,1059.99,1100.05,17317.332,1383.286,480.715,192.566,3453.193,198.26,1912.869,1741.554,697.634,4775.229,59.044,56.02,22.44,147.396,2916.185,210.417,84.289,7279.878,150.631,47.187,117.797,376.031,2746.134,2080.321,1874.665,750.956,5193.252,0.353,0.322,0.129,0.882,16.468,14.993,6.006,41.11
South America,2013,404561951,200.628,365.959,158.215,64.008,1101.88,1136.479,17623.613,1433.626,553.444,223.903,3543.65,228.01,1840.794,1669.503,675.417,4550.092,56.639,53.531,21.657,140.0,3051.622,219.385,88.755,7543.027,171.746,53.802,132.987,424.523,2809.159,2034.91,1822.778,737.427,5029.909,0.761,0.69,0.279,1.88,21.609,19.598,7.929,53.414
South America,2014,408493800,208.496,383.017,161.12,65.816,1094.36,1155.131,17600.35,1484.237,586.699,239.663,3633.438,240.84,1776.912,1605.668,655.906,4349.913,54.313,51.145,20.892,132.959,3051.638,235.995,96.402,7470.463,189.045,59.221,144.973,462.785,2827.781,2010.136,1790.563,731.434,4920.848,2.087,1.886,0.77,5.109,42.092,38.035,15.537,103.041
South America,2015,412362690,217.126,374.872,159.826,65.906,1127.54,1158.454,17297.607,1545.611,604.2,249.15,3748.182,251.53,1721.818,1550.516,639.375,4175.495,56.265,52.801,21.773,136.446,2913.32,217.639,89.746,7064.946,200.75,62.888,152.506,486.829,2809.309,2000.871,1773.533,731.339,4852.211,4.913,4.424,1.824,11.914,73.389,66.088,27.252,177.973
South America,2016,416164870,199.429,360.476,163.016,67.842,1129.31,1163.219,16865.154,1534.115,562.141,233.943,3686.315,231.98,1751.916,1572.51,654.423,4209.667,62.037,58.028,24.149,149.067,2761.443,176.781,73.57,6635.454,206.978,64.838,155.8,497.345,2795.091,2076.621,1833.981,763.239,4989.9,8.448,7.582,3.156,20.299,109.281,98.09,40.821,262.59
South America,2017,419903920,191.557,358.694,145.935,61.279,1136.68,1167.536,16866.697,1538.714,554.411,232.799,3664.442,223.65,1786.48,1598.659,671.283,4254.496,55.741,51.981,21.827,132.748,2738.072,131.078,55.04,6520.711,215.566,67.542,160.85,513.37,2780.484,2154.165,1895.636,795.985,5130.138,14.538,13.01,5.463,34.622,137.581,123.117,51.697,327.649
South America,2018,423581091,182.854,350.587,141.059,59.75,1154.07,1176.839,16526.049,1470.75,529.72,224.379,3472.18,215.19,1801.076,1607.128,680.749,4252.022,57.24,53.227,22.546,135.134,2638.777,113.24,47.966,6229.685,226.57,71.02,167.665,534.891,2778.309,2213.234,1940.396,821.915,5225.054,26.857,23.965,10.151,63.404,158.731,141.638,59.995,374.736
South America,2019,427199423,179.482,345.465,142.457,60.857,1173.42,1180.344,16209.313,1398.971,527.993,225.558,3274.75,211.85,1763.96,1566.453,669.188,4129.126,62.154,57.518,24.572,145.491,2595.695,91.725,39.185,6076.073,231.006,72.407,169.493,540.745,2762.982,2227.373,1942.331,829.763,5213.895,41.052,36.456,15.574,96.096,191.354,169.929,72.593,447.928
South America,2020,430759772,177.438,306.102,132.701,57.162,1170.47,1161.252,15031.484,1270.646,481.075,207.228,2949.778,206.05,1740.007,1538.061,662.535,4039.392,62.286,57.375,24.715,144.596,2318.18,72.318,31.152,5381.608,244.669,76.698,178.052,567.993,2695.823,2250.391,1950.989,840.407,5224.237,56.676,50.098,21.58,131.572,209.039,184.778,79.595,485.28
South America,2021,434260136,166.185,340.193,133.166,57.829,1007.28,1215.575,15835.877,1414.688,576.755,250.462,3257.697,202.01,1643.83,1446.628,628.213,3785.357,64.12,58.804,25.536,147.654,2549.028,107.444,46.659,5869.818,231.72,72.659,167.317,533.598,2799.185,2225.141,1921.596,834.473,5123.981,83.139,73.165,31.773,191.449,266.452,234.487,101.828,613.576
